Date ,series ,OPEN ,HIGH ,LOW ,PREV. CLOSE ,ltp ,close ,vwap ,52W H ,52W L ,VOLUME ,VALUE ,No of trades 
26-Jun-2024,EQ,"2,907.05","2,912.95","2,844.60","2,909.40","2,856.75","2,851.50","2,870.49","3,013.50","1,369.95","32,82,318","9,42,18,69,983.70","1,51,058"
25-Jun-2024,EQ,"2,921.20","2,947.00","2,891.05","2,915.80","2,909.00","2,909.40","2,913.46","3,013.50","1,369.95","19,10,886","5,56,72,98,518.65","87,557"
24-Jun-2024,EQ,"2,836.50","2,923.95","2,813.05","2,839.95","2,921.20","2,915.80","2,884.85","3,013.50","1,369.95","26,99,784","7,78,84,82,677.65","2,06,488"
21-Jun-2024,EQ,"2,884.75","2,920.90","2,825.05","2,871.20","2,834.65","2,839.95","2,858.53","3,013.50","1,368.50","84,00,461","24,01,29,94,456.40","2,67,549"
20-Jun-2024,EQ,"2,945.05","2,954.75","2,857.30","2,933.85","2,874.05","2,871.20","2,889.52","3,013.50","1,368.50","40,24,418","11,62,86,43,402.40","1,73,356"
19-Jun-2024,EQ,"2,975.00","2,977.00","2,926.45","2,961.90","2,930.00","2,933.85","2,952.72","3,013.50","1,368.50","35,12,298","10,37,08,40,452.70","1,35,558"
18-Jun-2024,EQ,"2,965.00","3,013.50","2,956.65","2,928.60","2,958.15","2,961.90","2,977.67","3,013.50","1,368.50","48,87,512","14,55,34,14,432.35","1,91,759"
14-Jun-2024,EQ,"2,875.00","2,946.00","2,865.00","2,861.70","2,924.00","2,928.60","2,913.17","2,946.00","1,366.00","35,15,019","10,23,98,54,158.60","1,89,489"
13-Jun-2024,EQ,"2,850.00","2,879.10","2,788.65","2,787.55","2,877.00","2,861.70","2,833.48","2,886.00","1,366.00","24,92,637","7,06,28,34,186.90","1,43,736"
12-Jun-2024,EQ,"2,835.55","2,848.60","2,782.05","2,835.55","2,796.65","2,787.55","2,812.62","2,886.00","1,366.00","25,80,846","7,25,89,33,750.00","1,40,894"
11-Jun-2024,EQ,"2,821.00","2,855.00","2,813.40","2,807.55","2,833.25","2,835.55","2,834.11","2,886.00","1,366.00","22,98,974","6,51,55,35,399.70","1,21,561"
10-Jun-2024,EQ,"2,861.00","2,886.00","2,800.00","2,857.45","2,814.00","2,807.55","2,824.87","2,886.00","1,366.00","20,21,106","5,70,93,64,107.25","1,26,237"
07-Jun-2024,EQ,"2,668.35","2,867.60","2,668.35","2,699.85","2,845.00","2,857.45","2,800.79","2,867.60","1,346.35","64,47,821","18,05,90,18,225.70","2,63,057"
06-Jun-2024,EQ,"2,745.00","2,761.90","2,670.90","2,740.95","2,699.00","2,699.85","2,705.02","2,761.90","1,346.35","49,92,660","13,50,52,57,471.65","2,90,943"
05-Jun-2024,EQ,"2,572.90","2,753.70","2,571.80","2,572.90","2,728.90","2,740.95","2,694.50","2,753.70","1,346.35","42,42,881","11,43,24,36,746.25","2,41,980"
04-Jun-2024,EQ,"2,634.25","2,639.00","2,448.20","2,634.00","2,584.00","2,572.90","2,557.71","2,654.35","1,346.35","63,72,249","16,29,83,92,753.85","3,75,878"
03-Jun-2024,EQ,"2,575.05","2,654.35","2,570.40","2,506.25","2,641.80","2,634.00","2,631.64","2,654.35","1,346.35","27,01,157","7,10,84,82,575.95","1,43,508"
31-May-2024,EQ,"2,517.75","2,569.20","2,495.15","2,493.50","2,517.95","2,506.25","2,520.24","2,617.40","1,298.00","87,69,724","22,10,17,81,610.85","2,73,642"
30-May-2024,EQ,"2,518.00","2,531.45","2,478.00","2,533.65","2,501.15","2,493.50","2,497.83","2,617.40","1,298.00","33,67,101","8,41,04,58,256.20","1,70,101"
29-May-2024,EQ,"2,510.25","2,547.00","2,500.60","2,552.80","2,530.00","2,533.65","2,525.21","2,617.40","1,298.00","27,20,451","6,86,97,20,458.35","1,12,815"
28-May-2024,EQ,"2,550.00","2,581.95","2,548.00","2,549.10","2,550.00","2,552.80","2,558.57","2,617.40","1,298.00","15,49,203","3,96,37,47,876.75","85,473"
27-May-2024,EQ,"2,581.15","2,589.75","2,541.00","2,579.75","2,548.90","2,549.10","2,565.01","2,617.40","1,298.00","33,28,559","8,53,77,84,466.25","88,947"
24-May-2024,EQ,"2,589.80","2,605.00","2,572.40","2,609.20","2,576.45","2,579.75","2,588.50","2,617.40","1,251.30","29,19,241","7,55,64,69,846.60","1,30,155"
23-May-2024,EQ,"2,520.00","2,617.40","2,500.25","2,521.05","2,610.00","2,609.20","2,565.13","2,617.40","1,251.30","47,15,263","12,09,52,58,090.65","2,09,714"
22-May-2024,EQ,"2,521.70","2,535.00","2,490.00","2,522.65","2,516.00","2,521.05","2,510.64","2,557.95","1,251.30","29,74,921","7,46,89,66,735.75","1,42,667"
21-May-2024,EQ,"2,503.00","2,536.95","2,467.00","2,503.70","2,516.55","2,522.65","2,504.01","2,557.95","1,251.30","37,47,292","9,38,32,70,683.15","1,68,361"
18-May-2024,EQ,"2,527.95","2,527.95","2,500.05","2,514.60","2,504.00","2,503.70","2,509.63","2,557.95","1,237.45","2,57,091","64,52,03,745.00","13,739"
17-May-2024,EQ,"2,425.35","2,557.95","2,425.35","2,371.75","2,510.00","2,514.60","2,519.07","2,557.95","1,237.45","97,96,445","24,67,79,57,925.85","3,89,049"
16-May-2024,EQ,"2,319.45","2,393.90","2,286.20","2,302.30","2,393.90","2,371.75","2,326.15","2,393.90","1,237.45","74,44,517","17,31,70,83,306.05","3,06,022"
15-May-2024,EQ,"2,281.30","2,317.15","2,256.00","2,269.90","2,301.45","2,302.30","2,292.14","2,317.15","1,237.45","25,69,084","5,88,86,94,717.25","1,25,876"
14-May-2024,EQ,"2,175.00","2,280.35","2,175.00","2,184.25","2,271.80","2,269.90","2,252.95","2,280.35","1,237.45","38,30,189","8,62,92,23,966.15","2,33,647"
13-May-2024,EQ,"2,208.00","2,208.05","2,160.00","2,193.05","2,206.90","2,184.25","2,176.83","2,256.75","1,237.45","25,75,573","5,60,65,91,080.55","1,22,635"
10-May-2024,EQ,"2,211.85","2,231.65","2,183.00","2,212.55","2,193.80","2,193.05","2,200.08","2,256.75","1,213.70","30,45,912","6,70,12,63,581.85","1,56,040"
09-May-2024,EQ,"2,185.55","2,256.75","2,185.00","2,182.40","2,215.65","2,212.55","2,225.13","2,256.75","1,213.70","39,98,822","8,89,78,90,554.65","2,81,445"
08-May-2024,EQ,"2,191.70","2,195.00","2,160.00","2,191.50","2,183.60","2,182.40","2,178.86","2,240.00","1,213.70","19,93,202","4,34,29,06,748.55","1,13,972"
07-May-2024,EQ,"2,236.00","2,236.90","2,164.85","2,224.95","2,195.70","2,191.50","2,193.59","2,240.00","1,213.70","17,27,823","3,79,01,38,026.15","1,21,466"
06-May-2024,EQ,"2,200.45","2,240.00","2,190.00","2,193.00","2,227.00","2,224.95","2,220.18","2,240.00","1,213.70","21,11,447","4,68,77,85,713.15","1,17,348"
03-May-2024,EQ,"2,210.00","2,210.00","2,172.35","2,185.15","2,193.15","2,193.00","2,189.88","2,210.00","1,208.05","38,59,227","8,45,12,28,639.95","2,00,650"
02-May-2024,EQ,"2,165.10","2,204.00","2,165.10","2,156.35","2,183.80","2,185.15","2,190.11","2,204.00","1,208.05","33,47,541","7,33,14,82,177.80","2,19,943"
30-Apr-2024,EQ,"2,073.05","2,169.00","2,073.05","2,062.05","2,159.90","2,156.35","2,149.44","2,169.00","1,208.05","57,45,143","12,34,88,42,487.85","2,64,690"
29-Apr-2024,EQ,"2,045.50","2,068.35","2,001.00","2,044.90","2,065.55","2,062.05","2,041.16","2,133.00","1,208.05","27,24,604","5,56,13,40,119.85","1,12,964"
26-Apr-2024,EQ,"2,099.55","2,103.00","2,038.80","2,096.85","2,055.00","2,044.90","2,063.69","2,133.00","1,196.00","29,52,484","6,09,30,02,392.35","1,54,737"
25-Apr-2024,EQ,"2,060.00","2,113.95","2,041.90","2,058.45","2,092.35","2,096.85","2,084.46","2,133.00","1,196.00","30,84,498","6,42,95,10,430.95","1,52,671"
24-Apr-2024,EQ,"2,055.00","2,090.85","2,052.95","2,062.60","2,059.95","2,058.45","2,068.83","2,133.00","1,196.00","19,29,834","3,99,25,06,955.20","83,959"
23-Apr-2024,EQ,"2,096.00","2,114.00","2,056.85","2,090.65","2,069.70","2,062.60","2,080.68","2,133.00","1,196.00","28,86,136","6,00,51,17,881.95","1,25,119"
22-Apr-2024,EQ,"2,124.55","2,133.00","2,065.00","2,082.90","2,093.00","2,090.65","2,086.95","2,133.00","1,196.00","24,49,171","5,11,12,95,496.65","1,10,402"
19-Apr-2024,EQ,"2,034.00","2,087.00","1,998.20","2,024.95","2,084.00","2,082.90","2,056.75","2,108.60","1,196.00","32,53,248","6,69,11,33,980.15","1,55,276"
18-Apr-2024,EQ,"2,031.30","2,087.00","2,016.50","2,031.30","2,025.00","2,024.95","2,051.09","2,108.60","1,196.00","35,39,862","7,26,05,91,199.85","2,02,224"
16-Apr-2024,EQ,"2,047.05","2,073.75","2,027.75","2,053.45","2,031.90","2,031.30","2,044.91","2,108.60","1,196.00","19,81,730","4,05,24,61,711.65","1,13,029"
15-Apr-2024,EQ,"2,055.25","2,083.90","2,035.00","2,070.95","2,052.00","2,053.45","2,056.93","2,108.60","1,196.00","20,24,919","4,16,51,25,300.35","95,536"
12-Apr-2024,EQ,"2,084.00","2,087.50","2,051.65","2,076.20","2,072.00","2,070.95","2,072.81","2,108.60","1,171.25","40,08,660","8,30,91,73,468.05","1,69,073"
10-Apr-2024,EQ,"2,098.45","2,108.60","2,070.00","2,090.90","2,077.00","2,076.20","2,084.46","2,108.60","1,171.25","22,80,814","4,75,42,71,184.55","1,27,279"
09-Apr-2024,EQ,"2,095.00","2,098.65","2,070.10","2,078.10","2,087.00","2,090.90","2,084.31","2,098.65","1,171.25","28,53,137","5,94,68,17,842.75","95,608"
08-Apr-2024,EQ,"2,018.00","2,087.00","2,016.90","2,013.30","2,080.90","2,078.10","2,066.63","2,087.00","1,171.25","27,81,568","5,74,84,78,216.95","1,76,571"
05-Apr-2024,EQ,"1,995.35","2,027.45","1,992.25","2,002.70","2,011.90","2,013.30","2,014.55","2,027.45","1,148.30","27,67,027","5,57,43,00,725.65","93,624"
04-Apr-2024,EQ,"1,999.00","2,015.00","1,963.20","1,989.30","2,008.00","2,002.70","1,990.02","2,015.00","1,148.30","30,07,920","5,98,58,08,386.85","1,78,669"
03-Apr-2024,EQ,"1,967.00","2,003.30","1,956.20","1,971.95","1,985.00","1,989.30","1,984.89","2,003.30","1,148.30","36,15,370","7,17,60,95,709.25","1,45,827"
02-Apr-2024,EQ,"1,915.95","1,977.50","1,901.45","1,915.95","1,970.00","1,971.95","1,941.57","1,982.30","1,148.30","34,31,715","6,66,29,18,731.95","1,59,650"
01-Apr-2024,EQ,"1,938.00","1,963.85","1,891.80","1,921.35","1,917.00","1,915.95","1,926.88","1,982.30","1,148.30","27,65,845","5,32,94,38,096.90","1,32,571"
28-Mar-2024,EQ,"1,881.15","1,962.95","1,870.35","1,881.15","1,915.35","1,921.35","1,920.47","1,982.30","1,123.40","37,90,854","7,28,02,24,678.00","1,79,599"
27-Mar-2024,EQ,"1,869.90","1,899.90","1,855.30","1,863.95","1,884.00","1,881.15","1,876.70","1,982.30","1,123.40","41,96,597","7,87,57,70,141.65","1,24,880"
26-Mar-2024,EQ,"1,878.20","1,917.50","1,861.10","1,878.80","1,868.00","1,863.95","1,877.23","1,982.30","1,123.40","40,92,744","7,68,30,30,551.55","1,63,561"
22-Mar-2024,EQ,"1,865.85","1,905.45","1,847.25","1,865.85","1,875.00","1,878.80","1,880.49","1,982.30","1,123.40","37,86,990","7,12,14,01,214.60","1,88,135"
21-Mar-2024,EQ,"1,859.95","1,875.00","1,845.00","1,844.40","1,870.00","1,865.85","1,860.35","1,982.30","1,123.40","20,72,960","3,85,64,22,569.10","1,21,686"
20-Mar-2024,EQ,"1,851.95","1,859.05","1,820.55","1,843.90","1,847.00","1,844.40","1,839.70","1,982.30","1,123.40","15,50,415","2,85,23,05,700.55","96,982"
19-Mar-2024,EQ,"1,856.05","1,865.00","1,826.80","1,856.05","1,847.35","1,843.90","1,846.15","1,982.30","1,123.40","21,89,225","4,04,16,32,744.40","1,03,604"
18-Mar-2024,EQ,"1,807.95","1,867.40","1,801.05","1,799.50","1,859.00","1,856.05","1,850.05","1,982.30","1,123.40","34,04,076","6,29,77,07,676.45","1,72,055"
15-Mar-2024,EQ,"1,875.00","1,882.10","1,788.80","1,890.55","1,796.30","1,799.50","1,812.83","1,982.30","1,123.40","55,04,948","9,97,95,54,718.20","1,91,028"
14-Mar-2024,EQ,"1,853.70","1,895.60","1,844.60","1,853.70","1,881.50","1,890.55","1,884.28","1,982.30","1,123.40","23,88,133","4,49,99,14,034.70","1,28,629"
13-Mar-2024,EQ,"1,896.00","1,901.40","1,844.25","1,895.15","1,847.10","1,853.70","1,871.86","1,982.30","1,123.40","42,70,994","7,99,46,94,457.40","1,65,984"
12-Mar-2024,EQ,"1,892.00","1,898.35","1,876.65","1,894.35","1,893.00","1,895.15","1,889.35","1,982.30","1,123.40","31,86,510","6,02,04,35,340.30","1,45,929"
11-Mar-2024,EQ,"1,913.00","1,913.70","1,873.30","1,897.55","1,888.60","1,894.35","1,893.01","1,982.30","1,123.40","32,50,782","6,15,37,67,603.25","2,04,948"
07-Mar-2024,EQ,"1,930.15","1,932.15","1,884.30","1,970.65","1,892.00","1,897.55","1,907.06","1,982.30","1,123.40","1,83,23,831","34,94,45,54,378.05","3,70,373"
06-Mar-2024,EQ,"1,945.00","1,979.90","1,922.00","1,939.25","1,972.00","1,970.65","1,949.69","1,982.30","1,123.40","16,73,183","3,26,21,93,561.40","1,21,313"
05-Mar-2024,EQ,"1,925.00","1,968.00","1,923.05","1,921.05","1,942.30","1,939.25","1,944.99","1,982.30","1,123.40","22,08,384","4,29,52,86,730.65","1,59,181"
04-Mar-2024,EQ,"1,967.00","1,974.95","1,919.05","1,960.10","1,926.00","1,921.05","1,933.08","1,982.30","1,123.40","16,45,331","3,18,05,50,992.95","97,713"
02-Mar-2024,EQ,"1,978.00","1,978.00","1,957.00","1,972.95","1,959.80","1,960.10","1,962.48","1,982.30","1,123.40","1,10,564","21,69,79,425.85","8,738"
01-Mar-2024,EQ,"1,933.60","1,982.30","1,930.50","1,932.40","1,973.00","1,972.95","1,962.75","1,982.30","1,123.40","33,84,932","6,64,37,81,847.85","2,14,057"
29-Feb-2024,EQ,"1,902.85","1,950.90","1,892.55","1,901.65","1,932.00","1,932.40","1,933.38","1,956.95","1,123.40","55,39,065","10,70,91,20,457.20","2,03,880"
28-Feb-2024,EQ,"1,951.95","1,953.15","1,897.05","1,950.60","1,905.00","1,901.65","1,921.29","1,956.95","1,123.40","20,10,429","3,86,26,13,934.35","1,15,877"
27-Feb-2024,EQ,"1,926.00","1,956.95","1,915.05","1,929.80","1,945.00","1,950.60","1,929.39","1,956.95","1,123.40","28,21,465","5,44,36,96,175.20","1,15,924"
26-Feb-2024,EQ,"1,935.00","1,951.00","1,925.20","1,929.95","1,926.00","1,929.80","1,937.46","1,951.00","1,123.40","24,36,063","4,71,97,63,840.85","97,255"
23-Feb-2024,EQ,"1,926.35","1,947.85","1,901.10","1,910.35","1,924.95","1,929.95","1,927.71","1,947.85","1,123.40","33,23,441","6,40,66,32,831.35","1,27,112"
22-Feb-2024,EQ,"1,870.95","1,917.00","1,853.00","1,859.65","1,908.00","1,910.35","1,876.80","1,917.00","1,123.40","33,60,123","6,30,62,67,779.00","1,75,607"
21-Feb-2024,EQ,"1,849.90","1,889.70","1,846.70","1,853.65","1,858.00","1,859.65","1,866.69","1,889.70","1,123.40","44,66,234","8,33,70,64,019.10","1,58,000"
20-Feb-2024,EQ,"1,837.40","1,860.00","1,820.50","1,848.55","1,848.75","1,853.65","1,845.06","1,864.65","1,123.40","18,30,562","3,37,75,01,723.05","1,05,235"
19-Feb-2024,EQ,"1,836.05","1,856.45","1,820.00","1,835.55","1,847.10","1,848.55","1,843.43","1,864.65","1,123.40","26,82,236","4,94,45,25,867.95","1,12,120"
16-Feb-2024,EQ,"1,788.00","1,864.65","1,776.85","1,765.05","1,838.00","1,835.55","1,825.59","1,864.65","1,123.40","71,88,957","13,12,40,79,097.95","3,16,154"
15-Feb-2024,EQ,"1,681.05","1,784.90","1,668.10","1,657.05","1,769.85","1,765.05","1,748.30","1,784.90","1,123.40","98,87,134","17,28,56,35,543.90","3,65,256"
14-Feb-2024,EQ,"1,631.00","1,679.65","1,623.90","1,646.75","1,662.00","1,657.05","1,650.42","1,758.00","1,123.40","43,68,695","7,21,01,83,363.85","1,84,976"
13-Feb-2024,EQ,"1,670.00","1,679.40","1,623.45","1,660.45","1,650.00","1,646.75","1,649.01","1,758.00","1,123.40","20,75,130","3,42,19,16,330.55","1,11,100"
12-Feb-2024,EQ,"1,654.00","1,675.05","1,640.55","1,646.40","1,661.60","1,660.45","1,657.26","1,758.00","1,123.40","11,97,925","1,98,52,71,523.25","95,274"
09-Feb-2024,EQ,"1,686.00","1,689.75","1,628.00","1,685.90","1,644.45","1,646.40","1,647.76","1,758.00","1,123.40","20,33,950","3,35,14,65,286.60","1,45,064"
08-Feb-2024,EQ,"1,729.00","1,743.90","1,675.55","1,721.00","1,691.20","1,685.90","1,707.81","1,758.00","1,123.40","25,50,690","4,35,61,02,159.50","1,45,744"
07-Feb-2024,EQ,"1,731.45","1,752.00","1,715.70","1,727.65","1,722.00","1,721.00","1,727.35","1,758.00","1,123.40","12,13,661","2,09,64,13,185.25","1,11,960"
06-Feb-2024,EQ,"1,710.95","1,730.00","1,706.00","1,703.55","1,728.00","1,727.65","1,722.89","1,758.00","1,123.40","22,19,874","3,82,45,98,913.10","1,26,701"
05-Feb-2024,EQ,"1,676.70","1,712.85","1,665.10","1,660.75","1,700.00","1,703.55","1,697.06","1,758.00","1,123.40","35,25,423","5,98,28,67,697.00","1,49,948"
02-Feb-2024,EQ,"1,655.00","1,687.05","1,650.00","1,651.15","1,660.00","1,660.75","1,666.64","1,758.00","1,123.40","33,04,158","5,50,68,39,985.10","1,71,830"
01-Feb-2024,EQ,"1,659.25","1,702.60","1,645.55","1,651.55","1,651.00","1,651.15","1,676.52","1,758.00","1,123.40","40,65,784","6,81,63,83,895.35","1,69,445"
31-Jan-2024,EQ,"1,615.05","1,658.30","1,609.05","1,620.35","1,656.80","1,651.55","1,644.55","1,758.00","1,123.40","31,54,787","5,18,82,19,997.35","1,78,458"
30-Jan-2024,EQ,"1,649.95","1,659.50","1,614.45","1,640.00","1,618.00","1,620.35","1,636.71","1,758.00","1,123.40","25,69,098","4,20,48,67,337.00","1,30,366"
29-Jan-2024,EQ,"1,635.50","1,645.00","1,625.00","1,635.50","1,637.50","1,640.00","1,637.85","1,758.00","1,123.40","30,75,670","5,03,74,74,705.10","1,32,824"
25-Jan-2024,EQ,"1,631.60","1,642.75","1,603.90","1,628.10","1,633.10","1,635.50","1,627.41","1,758.00","1,123.40","20,38,472","3,31,74,33,483.65","1,44,616"
24-Jan-2024,EQ,"1,595.00","1,632.30","1,575.00","1,595.20","1,628.00","1,628.10","1,604.55","1,758.00","1,123.40","25,43,323","4,08,08,86,969.10","1,71,147"
23-Jan-2024,EQ,"1,619.00","1,647.60","1,588.25","1,622.30","1,595.10","1,595.20","1,620.52","1,758.00","1,123.40","27,72,880","4,49,35,17,297.70","1,57,662"
20-Jan-2024,EQ,"1,660.50","1,673.95","1,616.00","1,655.55","1,624.00","1,622.30","1,639.07","1,758.00","1,123.40","7,11,300","1,16,58,67,502.95","46,251"
19-Jan-2024,EQ,"1,624.95","1,659.00","1,622.25","1,617.25","1,653.30","1,655.55","1,644.09","1,758.00","1,123.40","28,36,976","4,66,42,30,995.40","1,33,905"
18-Jan-2024,EQ,"1,600.00","1,623.30","1,580.65","1,597.70","1,617.30","1,617.25","1,609.83","1,758.00","1,123.40","23,28,588","3,74,86,40,616.60","1,62,681"
17-Jan-2024,EQ,"1,612.00","1,615.00","1,591.00","1,620.35","1,595.00","1,597.70","1,600.90","1,758.00","1,123.40","25,48,169","4,07,93,65,507.05","1,21,110"
16-Jan-2024,EQ,"1,638.00","1,640.00","1,617.55","1,635.55","1,621.00","1,620.35","1,627.10","1,758.00","1,123.40","22,36,688","3,63,93,24,487.40","1,06,188"
15-Jan-2024,EQ,"1,635.00","1,640.90","1,616.10","1,624.45","1,638.00","1,635.55","1,628.55","1,758.00","1,123.40","14,05,514","2,28,89,52,748.85","90,573"
12-Jan-2024,EQ,"1,630.00","1,633.85","1,601.50","1,628.65","1,626.50","1,624.45","1,614.52","1,758.00","1,123.40","30,61,539","4,94,29,19,898.50","1,55,045"
11-Jan-2024,EQ,"1,643.90","1,651.25","1,625.85","1,632.80","1,631.45","1,628.65","1,635.48","1,758.00","1,123.40","22,28,002","3,64,38,52,904.75","94,877"
10-Jan-2024,EQ,"1,645.00","1,647.45","1,621.35","1,629.90","1,626.50","1,632.80","1,630.09","1,758.00","1,123.40","19,54,233","3,18,55,79,690.15","93,797"
09-Jan-2024,EQ,"1,625.00","1,636.80","1,615.00","1,616.15","1,630.50","1,629.90","1,630.04","1,758.00","1,123.40","25,42,484","4,14,43,56,068.95","1,20,247"
08-Jan-2024,EQ,"1,648.15","1,653.40","1,606.10","1,642.00","1,606.10","1,616.15","1,625.06","1,758.00","1,123.40","14,92,195","2,42,49,00,552.30","1,31,119"
05-Jan-2024,EQ,"1,647.95","1,661.50","1,636.50","1,641.70","1,640.65","1,642.00","1,645.68","1,758.00","1,123.40","17,09,313","2,81,29,87,716.25","1,25,534"
04-Jan-2024,EQ,"1,666.90","1,674.45","1,638.20","1,655.25","1,642.00","1,641.70","1,653.75","1,758.00","1,123.40","28,35,768","4,68,96,64,224.40","1,47,068"
03-Jan-2024,EQ,"1,672.00","1,678.20","1,648.05","1,656.20","1,656.50","1,655.25","1,658.32","1,758.00","1,123.40","19,27,812","3,19,69,31,108.10","1,36,110"
02-Jan-2024,EQ,"1,703.60","1,705.00","1,649.45","1,703.30","1,661.00","1,656.20","1,661.80","1,758.00","1,123.40","28,57,334","4,74,83,22,508.25","1,78,353"
01-Jan-2024,EQ,"1,729.40","1,730.00","1,699.00","1,729.40","1,702.00","1,703.30","1,705.61","1,758.00","1,123.40","13,07,485","2,23,00,55,234.00","88,305"
29-Dec-2023,EQ,"1,730.00","1,758.00","1,715.00","1,734.45","1,725.00","1,729.40","1,736.08","1,758.00","1,123.40","22,73,255","3,94,65,49,150.10","1,12,932"
28-Dec-2023,EQ,"1,688.95","1,739.95","1,688.40","1,687.95","1,735.00","1,734.45","1,717.64","1,739.95","1,123.40","29,63,938","5,09,09,64,717.35","1,39,021"
27-Dec-2023,EQ,"1,670.00","1,691.80","1,660.25","1,662.25","1,683.00","1,687.95","1,677.56","1,739.60","1,123.40","17,93,638","3,00,89,30,098.65","93,360"
26-Dec-2023,EQ,"1,640.90","1,669.00","1,634.50","1,634.25","1,657.10","1,662.25","1,659.40","1,739.60","1,123.40","12,03,594","1,99,72,37,988.25","85,702"
22-Dec-2023,EQ,"1,630.00","1,652.00","1,622.75","1,633.85","1,635.00","1,634.25","1,637.84","1,739.60","1,123.40","27,51,274","4,50,61,54,106.05","1,89,768"
21-Dec-2023,EQ,"1,635.00","1,653.15","1,620.40","1,646.95","1,639.00","1,633.85","1,637.23","1,739.60","1,123.40","32,11,338","5,25,76,99,123.20","2,49,337"
20-Dec-2023,EQ,"1,710.00","1,711.95","1,640.60","1,699.35","1,660.00","1,646.95","1,672.97","1,739.60","1,123.40","30,47,660","5,09,86,41,405.40","1,86,996"
19-Dec-2023,EQ,"1,720.00","1,723.85","1,691.30","1,710.80","1,699.60","1,699.35","1,699.44","1,739.60","1,123.40","16,60,221","2,82,14,41,539.80","1,31,426"
18-Dec-2023,EQ,"1,720.00","1,731.85","1,698.75","1,724.95","1,710.10","1,710.80","1,715.62","1,739.60","1,123.40","17,39,425","2,98,41,90,960.75","1,24,391"
15-Dec-2023,EQ,"1,727.90","1,739.60","1,698.00","1,703.55","1,721.40","1,724.95","1,721.54","1,739.60","1,123.40","38,58,594","6,64,27,22,791.95","1,30,820"
14-Dec-2023,EQ,"1,676.00","1,709.85","1,671.05","1,666.15","1,704.00","1,703.55","1,690.28","1,710.45","1,123.40","33,26,228","5,62,22,69,608.75","1,22,685"
13-Dec-2023,EQ,"1,639.00","1,670.50","1,629.55","1,635.40","1,668.05","1,666.15","1,652.49","1,710.45","1,123.40","22,47,441","3,71,38,78,152.95","83,152"
12-Dec-2023,EQ,"1,663.00","1,670.00","1,626.50","1,652.20","1,634.80","1,635.40","1,644.36","1,710.45","1,123.40","20,51,527","3,37,34,56,932.95","98,456"
11-Dec-2023,EQ,"1,674.00","1,674.45","1,647.10","1,668.55","1,652.00","1,652.20","1,655.74","1,710.45","1,123.40","20,37,178","3,37,30,31,067.35","87,156"
08-Dec-2023,EQ,"1,699.00","1,708.15","1,662.55","1,692.65","1,668.00","1,668.55","1,676.43","1,710.45","1,123.40","19,42,667","3,25,67,48,653.40","1,04,421"
07-Dec-2023,EQ,"1,703.00","1,706.00","1,681.65","1,702.40","1,697.95","1,692.65","1,694.46","1,710.45","1,123.40","24,61,051","4,17,01,45,824.70","1,17,808"
06-Dec-2023,EQ,"1,688.10","1,710.45","1,684.15","1,686.05","1,706.45","1,702.40","1,698.46","1,710.45","1,123.40","22,79,220","3,87,11,69,734.40","1,18,171"
05-Dec-2023,EQ,"1,660.90","1,708.00","1,640.60","1,656.85","1,684.50","1,686.05","1,687.33","1,708.00","1,123.40","34,23,953","5,77,73,40,535.90","1,30,952"
04-Dec-2023,EQ,"1,662.85","1,675.00","1,639.45","1,625.50","1,655.00","1,656.85","1,655.66","1,675.00","1,123.40","30,01,010","4,96,86,42,170.20","1,00,100"
01-Dec-2023,EQ,"1,656.00","1,666.00","1,621.20","1,647.75","1,627.00","1,625.50","1,640.08","1,670.00","1,123.40","24,89,755","4,08,33,87,511.45","98,599"
30-Nov-2023,EQ,"1,615.05","1,660.00","1,613.70","1,619.10","1,644.60","1,647.75","1,645.03","1,670.00","1,123.40","52,14,960","8,57,87,68,910.00","1,71,773"
29-Nov-2023,EQ,"1,576.00","1,623.40","1,567.25","1,566.05","1,614.00","1,619.10","1,606.73","1,670.00","1,123.40","35,81,220","5,75,40,64,065.50","1,46,890"
28-Nov-2023,EQ,"1,553.20","1,572.00","1,542.15","1,553.20","1,565.50","1,566.05","1,559.99","1,670.00","1,123.40","25,96,766","4,05,09,29,463.50","1,43,836"
24-Nov-2023,EQ,"1,549.00","1,559.50","1,547.50","1,545.85","1,551.95","1,553.20","1,553.16","1,670.00","1,123.40","12,39,270","1,92,47,87,709.00","64,427"
23-Nov-2023,EQ,"1,556.60","1,560.95","1,535.10","1,543.45","1,547.50","1,545.85","1,546.53","1,670.00","1,123.40","15,52,635","2,40,11,91,549.55","78,433"
22-Nov-2023,EQ,"1,560.00","1,564.65","1,535.00","1,559.75","1,545.50","1,543.45","1,547.17","1,670.00","1,123.40","12,69,475","1,96,40,98,546.80","74,110"
21-Nov-2023,EQ,"1,553.00","1,571.40","1,549.15","1,552.20","1,561.25","1,559.75","1,560.72","1,670.00","1,123.40","22,13,144","3,45,40,99,064.10","74,086"
20-Nov-2023,EQ,"1,589.80","1,589.80","1,540.60","1,584.55","1,553.00","1,552.20","1,552.86","1,670.00","1,123.40","29,18,577","4,53,21,42,535.20","1,00,706"
17-Nov-2023,EQ,"1,575.00","1,596.00","1,572.65","1,569.50","1,582.00","1,584.55","1,586.80","1,670.00","1,123.40","20,35,309","3,22,96,34,318.15","96,008"
16-Nov-2023,EQ,"1,544.20","1,583.95","1,538.50","1,544.15","1,571.00","1,569.50","1,560.31","1,670.00","1,123.40","32,24,223","5,03,07,72,372.00","1,31,439"
15-Nov-2023,EQ,"1,549.00","1,550.80","1,533.55","1,540.25","1,541.25","1,544.15","1,541.12","1,670.00","1,123.40","27,82,942","4,28,88,49,627.70","96,931"
13-Nov-2023,EQ,"1,526.25","1,543.30","1,513.05","1,526.25","1,537.65","1,540.25","1,532.61","1,670.00","1,123.40","19,68,032","3,01,62,18,939.75","76,313"
12-Nov-2023,EQ,"1,540.00","1,540.00","1,523.35","1,524.10","1,527.50","1,526.25","1,530.61","1,670.00","1,123.40","3,40,544","52,12,39,526.35","18,133"
10-Nov-2023,EQ,"1,550.00","1,551.00","1,515.30","1,552.05","1,523.50","1,524.10","1,528.30","1,670.00","1,123.40","48,72,228","7,44,62,49,607.25","1,56,757"
09-Nov-2023,EQ,"1,487.40","1,558.70","1,487.40","1,487.40","1,550.00","1,552.05","1,532.62","1,670.00","1,123.40","48,31,782","7,40,53,07,780.85","1,75,935"
08-Nov-2023,EQ,"1,485.05","1,489.40","1,474.00","1,479.75","1,486.00","1,487.40","1,481.64","1,670.00","1,123.40","13,42,202","1,98,86,62,938.30","63,329"
07-Nov-2023,EQ,"1,488.25","1,497.00","1,475.00","1,488.30","1,479.60","1,479.75","1,486.39","1,670.00","1,123.40","19,40,908","2,88,49,37,770.10","91,741"
06-Nov-2023,EQ,"1,481.80","1,492.20","1,473.55","1,469.00","1,492.05","1,488.30","1,482.59","1,670.00","1,123.40","12,71,868","1,88,56,58,642.35","70,563"
03-Nov-2023,EQ,"1,480.00","1,488.10","1,460.45","1,469.70","1,470.00","1,469.00","1,473.06","1,670.00","1,123.40","24,56,723","3,61,89,07,743.05","1,14,156"
02-Nov-2023,EQ,"1,465.00","1,477.50","1,452.50","1,454.60","1,475.25","1,469.70","1,461.99","1,670.00","1,123.40","20,91,122","3,05,71,89,957.30","1,14,675"
01-Nov-2023,EQ,"1,464.90","1,485.00","1,450.00","1,458.60","1,452.50","1,454.60","1,464.95","1,670.00","1,123.40","26,27,536","3,84,92,13,929.40","1,24,446"
31-Oct-2023,EQ,"1,494.20","1,497.30","1,455.55","1,497.80","1,464.00","1,458.60","1,471.08","1,670.00","1,123.40","25,55,737","3,75,97,06,051.90","1,20,821"
30-Oct-2023,EQ,"1,502.10","1,515.45","1,463.20","1,510.80","1,494.95","1,497.80","1,486.97","1,670.00","1,123.40","26,37,486","3,92,18,62,448.80","1,09,907"
27-Oct-2023,EQ,"1,508.35","1,533.95","1,507.30","1,506.10","1,511.80","1,510.80","1,518.97","1,670.00","1,123.40","33,41,111","5,07,50,44,106.80","1,31,095"
26-Oct-2023,EQ,"1,554.00","1,558.20","1,500.00","1,569.10","1,508.00","1,506.10","1,516.88","1,670.00","1,123.40","33,43,802","5,07,21,38,488.05","1,60,693"
25-Oct-2023,EQ,"1,574.00","1,576.60","1,547.00","1,565.15","1,570.95","1,569.10","1,564.71","1,670.00","1,123.40","25,10,769","3,92,86,25,248.65","1,00,426"
23-Oct-2023,EQ,"1,548.25","1,574.90","1,546.50","1,558.25","1,561.00","1,565.15","1,567.05","1,670.00","1,123.40","40,69,167","6,37,65,72,423.80","69,299"
20-Oct-2023,EQ,"1,566.00","1,575.00","1,545.10","1,569.55","1,553.75","1,558.25","1,557.96","1,670.00","1,123.40","14,35,102","2,23,58,34,548.50","91,618"
19-Oct-2023,EQ,"1,553.35","1,578.90","1,553.35","1,574.85","1,566.90","1,569.55","1,569.38","1,670.00","1,123.40","12,39,578","1,94,53,72,083.35","96,393"
18-Oct-2023,EQ,"1,576.60","1,579.45","1,561.75","1,576.60","1,577.95","1,574.85","1,573.68","1,670.00","1,123.40","12,12,994","1,90,88,62,078.40","84,374"
17-Oct-2023,EQ,"1,575.00","1,583.90","1,568.60","1,574.55","1,572.55","1,576.60","1,577.41","1,670.00","1,123.40","9,97,962","1,57,41,91,504.05","70,716"
16-Oct-2023,EQ,"1,562.85","1,577.25","1,558.50","1,562.45","1,574.70","1,574.55","1,569.82","1,670.00","1,123.40","10,89,610","1,71,04,92,703.95","72,668"
13-Oct-2023,EQ,"1,560.50","1,574.40","1,550.30","1,566.65","1,564.50","1,562.45","1,562.94","1,670.00","1,123.40","14,65,554","2,29,05,80,060.65","91,610"
12-Oct-2023,EQ,"1,559.00","1,570.05","1,555.60","1,556.30","1,569.00","1,566.65","1,563.66","1,670.00","1,123.40","17,31,806","2,70,79,61,661.65","96,976"
11-Oct-2023,EQ,"1,540.00","1,559.15","1,540.00","1,537.85","1,556.00","1,556.30","1,550.73","1,670.00","1,123.40","15,36,986","2,38,34,46,754.70","81,417"
10-Oct-2023,EQ,"1,521.45","1,543.85","1,519.20","1,515.20","1,538.00","1,537.85","1,534.77","1,670.00","1,123.40","19,56,653","3,00,30,15,413.15","99,328"
09-Oct-2023,EQ,"1,540.00","1,541.25","1,514.00","1,548.85","1,515.00","1,515.20","1,528.82","1,670.00","1,123.40","21,23,175","3,24,59,42,615.00","78,785"
06-Oct-2023,EQ,"1,545.00","1,554.00","1,540.35","1,537.95","1,544.90","1,548.85","1,548.27","1,670.00","1,123.40","17,43,027","2,69,86,74,998.50","82,505"
05-Oct-2023,EQ,"1,533.00","1,550.80","1,513.05","1,522.10","1,548.85","1,537.95","1,530.68","1,670.00","1,123.40","19,91,367","3,04,81,45,568.15","1,49,329"
04-Oct-2023,EQ,"1,531.80","1,537.90","1,501.75","1,537.40","1,522.70","1,522.10","1,514.78","1,670.00","1,123.40","25,80,901","3,90,94,95,362.90","1,05,636"
03-Oct-2023,EQ,"1,597.20","1,598.00","1,533.05","1,554.25","1,535.90","1,537.40","1,548.60","1,670.00","1,123.40","34,36,776","5,32,21,80,370.85","1,15,789"
29-Sep-2023,EQ,"1,574.00","1,576.50","1,550.10","1,556.05","1,555.75","1,554.25","1,558.54","1,670.00","1,123.40","12,54,881","1,95,57,78,620.00","78,231"
28-Sep-2023,EQ,"1,595.95","1,596.90","1,544.00","1,589.20","1,554.35","1,556.05","1,563.62","1,670.00","1,123.40","23,69,699","3,70,53,00,764.65","1,25,645"
27-Sep-2023,EQ,"1,594.85","1,599.60","1,583.25","1,595.20","1,597.00","1,589.20","1,590.55","1,670.00","1,123.40","19,91,198","3,16,70,91,344.10","67,369"
26-Sep-2023,EQ,"1,589.45","1,606.60","1,582.00","1,589.45","1,597.85","1,595.20","1,594.86","1,670.00","1,123.40","14,79,841","2,36,01,44,550.35","90,867"
25-Sep-2023,EQ,"1,612.95","1,620.00","1,582.35","1,607.15","1,587.05","1,589.45","1,598.36","1,670.00","1,123.40","32,31,962","5,16,58,38,001.75","1,19,251"
22-Sep-2023,EQ,"1,580.00","1,617.95","1,566.10","1,583.25","1,610.00","1,607.15","1,601.02","1,670.00","1,123.40","38,27,771","6,12,83,20,005.60","1,58,229"
21-Sep-2023,EQ,"1,637.80","1,656.20","1,575.10","1,634.00","1,586.90","1,583.25","1,598.98","1,670.00","1,123.40","28,98,266","4,63,42,77,070.80","1,32,021"
20-Sep-2023,EQ,"1,620.10","1,665.00","1,620.10","1,641.45","1,642.00","1,634.00","1,641.12","1,670.00","1,123.40","61,16,670","10,03,81,94,819.80","1,61,553"
18-Sep-2023,EQ,"1,608.75","1,670.00","1,602.10","1,601.10","1,637.25","1,641.45","1,643.96","1,670.00","1,123.40","68,87,528","11,32,28,21,630.20","2,38,663"
15-Sep-2023,EQ,"1,579.65","1,610.70","1,571.85","1,566.00","1,600.05","1,601.10","1,596.74","1,610.70","1,123.40","54,25,897","8,66,37,46,439.45","1,32,986"
14-Sep-2023,EQ,"1,545.00","1,575.40","1,538.35","1,536.95","1,574.00","1,566.00","1,555.96","1,605.90","1,123.40","22,20,196","3,45,45,43,286.40","1,11,644"
13-Sep-2023,EQ,"1,564.00","1,568.60","1,530.10","1,557.95","1,536.65","1,536.95","1,544.36","1,605.90","1,123.40","23,82,637","3,67,96,49,124.45","1,06,500"
12-Sep-2023,EQ,"1,582.20","1,589.45","1,513.05","1,582.10","1,552.70","1,557.95","1,547.80","1,605.90","1,123.40","37,70,868","5,83,65,61,603.85","1,51,631"
11-Sep-2023,EQ,"1,567.65","1,589.00","1,564.00","1,567.55","1,580.55","1,582.10","1,578.07","1,605.90","1,123.40","19,21,950","3,03,29,76,545.50","71,137"
08-Sep-2023,EQ,"1,565.10","1,578.00","1,560.00","1,565.75","1,567.30","1,567.55","1,568.94","1,605.90","1,123.40","12,23,910","1,92,02,38,327.90","54,277"
07-Sep-2023,EQ,"1,572.20","1,577.90","1,560.25","1,577.00","1,564.90","1,565.75","1,566.50","1,605.90","1,123.40","15,14,369","2,37,22,52,819.20","64,556"
06-Sep-2023,EQ,"1,577.00","1,580.90","1,558.70","1,571.15","1,572.20","1,577.00","1,571.48","1,605.90","1,123.40","13,01,466","2,04,52,22,551.50","75,648"
05-Sep-2023,EQ,"1,577.60","1,584.10","1,565.25","1,576.40","1,571.65","1,571.15","1,572.71","1,605.90","1,123.40","10,78,759","1,69,65,79,170.45","71,823"
04-Sep-2023,EQ,"1,605.90","1,605.90","1,564.20","1,591.95","1,576.00","1,576.40","1,579.78","1,605.90","1,123.40","22,00,142","3,47,57,30,985.35","91,998"
01-Sep-2023,EQ,"1,577.00","1,604.50","1,575.00","1,575.40","1,589.95","1,591.95","1,594.46","1,604.50","1,123.40","21,47,299","3,42,37,88,677.25","92,628"
31-Aug-2023,EQ,"1,588.95","1,590.00","1,567.15","1,583.20","1,577.70","1,575.40","1,578.93","1,594.80","1,123.40","35,12,885","5,54,66,07,060.75","96,186"
30-Aug-2023,EQ,"1,569.00","1,589.00","1,559.80","1,560.85","1,579.40","1,583.20","1,580.41","1,594.80","1,123.40","31,40,040","4,96,25,52,408.20","81,860"
29-Aug-2023,EQ,"1,554.90","1,564.35","1,540.00","1,549.25","1,555.05","1,560.85","1,553.95","1,594.80","1,123.40","13,25,882","2,06,03,57,379.60","64,986"
28-Aug-2023,EQ,"1,528.00","1,553.00","1,524.10","1,520.05","1,547.80","1,549.25","1,542.12","1,594.80","1,123.40","21,32,512","3,28,85,87,350.20","1,16,884"
25-Aug-2023,EQ,"1,530.90","1,547.25","1,508.20","1,542.20","1,517.50","1,520.05","1,526.22","1,594.80","1,123.40","14,55,320","2,22,11,35,433.00","89,655"
24-Aug-2023,EQ,"1,550.05","1,554.95","1,528.05","1,542.45","1,542.00","1,542.20","1,542.05","1,594.80","1,123.40","21,11,147","3,25,54,93,056.80","90,572"
23-Aug-2023,EQ,"1,546.05","1,554.85","1,536.10","1,550.50","1,544.75","1,542.45","1,543.98","1,594.80","1,123.40","14,05,076","2,16,94,06,989.35","73,804"
22-Aug-2023,EQ,"1,538.00","1,555.00","1,534.75","1,538.55","1,550.00","1,550.50","1,549.55","1,594.80","1,123.40","9,75,607","1,51,17,50,845.35","48,063"
21-Aug-2023,EQ,"1,546.00","1,552.65","1,531.75","1,552.65","1,538.50","1,538.55","1,540.09","1,594.80","1,123.40","14,87,526","2,29,09,30,187.00","67,927"
18-Aug-2023,EQ,"1,568.75","1,582.55","1,544.60","1,573.50","1,548.90","1,552.65","1,559.13","1,594.80","1,123.40","22,02,570","3,43,40,92,716.15","1,09,131"
17-Aug-2023,EQ,"1,573.00","1,579.05","1,560.15","1,570.60","1,568.75","1,573.50","1,570.95","1,594.80","1,123.40","23,77,711","3,73,52,59,102.15","1,06,994"
16-Aug-2023,EQ,"1,559.05","1,573.00","1,538.60","1,546.85","1,570.00","1,570.60","1,554.23","1,594.80","1,123.40","23,61,632","3,67,05,16,760.55","73,729"
14-Aug-2023,EQ,"1,544.95","1,550.75","1,524.00","1,546.45","1,544.95","1,546.85","1,536.80","1,594.80","1,123.40","18,75,450","2,88,22,00,322.00","84,182"
11-Aug-2023,EQ,"1,548.55","1,559.60","1,533.05","1,545.40","1,544.45","1,546.45","1,548.93","1,594.80","1,123.40","24,02,812","3,72,17,97,012.45","1,05,088"
10-Aug-2023,EQ,"1,534.50","1,556.05","1,531.80","1,534.75","1,546.00","1,545.40","1,543.62","1,594.80","1,123.40","36,00,607","5,55,79,77,030.40","1,25,399"
09-Aug-2023,EQ,"1,505.00","1,537.55","1,492.25","1,499.70","1,535.80","1,534.75","1,523.49","1,594.80","1,123.40","37,13,003","5,65,67,22,762.40","1,38,085"
08-Aug-2023,EQ,"1,530.00","1,534.00","1,485.00","1,526.90","1,500.00","1,499.70","1,501.87","1,594.80","1,123.40","34,26,948","5,14,68,35,747.20","1,31,009"
07-Aug-2023,EQ,"1,489.00","1,531.00","1,480.75","1,464.65","1,528.00","1,526.90","1,511.54","1,594.80","1,123.40","92,57,291","13,99,27,70,403.85","2,50,334"
04-Aug-2023,EQ,"1,481.00","1,502.45","1,415.75","1,469.15","1,463.50","1,464.65","1,473.57","1,594.80","1,123.40","80,66,091","11,88,59,27,353.40","2,11,004"
03-Aug-2023,EQ,"1,485.00","1,501.55","1,447.60","1,485.30","1,470.90","1,469.15","1,475.46","1,594.80","1,123.40","22,22,395","3,27,90,49,817.95","1,02,440"
02-Aug-2023,EQ,"1,493.35","1,497.00","1,465.25","1,493.35","1,480.50","1,485.30","1,480.42","1,594.80","1,123.40","31,88,395","4,72,01,74,968.70","1,15,865"
01-Aug-2023,EQ,"1,475.20","1,504.00","1,470.20","1,475.20","1,490.00","1,493.35","1,491.08","1,594.80","1,123.40","41,84,243","6,23,90,54,567.40","1,41,243"
31-Jul-2023,EQ,"1,476.80","1,479.00","1,457.60","1,467.80","1,474.00","1,475.20","1,471.47","1,594.80","1,123.40","24,60,789","3,62,09,87,285.80","95,493"
28-Jul-2023,EQ,"1,460.00","1,471.00","1,450.00","1,447.40","1,467.95","1,467.80","1,465.88","1,594.80","1,123.40","47,14,146","6,91,03,85,047.05","1,83,184"
27-Jul-2023,EQ,"1,499.00","1,500.00","1,438.35","1,544.85","1,448.60","1,447.40","1,456.47","1,594.80","1,123.40","1,18,79,512","17,30,21,19,830.30","5,29,448"
26-Jul-2023,EQ,"1,570.15","1,574.00","1,532.00","1,565.75","1,545.90","1,544.85","1,548.29","1,594.80","1,123.40","21,00,855","3,25,27,35,692.95","1,38,339"
25-Jul-2023,EQ,"1,551.45","1,569.50","1,548.05","1,546.85","1,566.00","1,565.75","1,559.57","1,594.80","1,123.40","19,96,604","3,11,38,51,815.85","93,250"
24-Jul-2023,EQ,"1,522.00","1,557.00","1,514.95","1,523.50","1,547.00","1,546.85","1,545.52","1,594.80","1,123.40","21,29,706","3,29,14,95,808.20","63,981"
21-Jul-2023,EQ,"1,548.95","1,552.60","1,518.85","1,545.35","1,522.35","1,523.50","1,535.40","1,594.80","1,123.40","16,68,783","2,56,22,44,084.50","53,153"
20-Jul-2023,EQ,"1,550.05","1,553.75","1,530.55","1,544.45","1,545.95","1,545.35","1,542.53","1,594.80","1,123.40","15,38,263","2,37,28,23,593.30","59,514"
19-Jul-2023,EQ,"1,530.20","1,549.50","1,524.00","1,534.70","1,544.00","1,544.45","1,537.33","1,594.80","1,123.40","10,81,196","1,66,21,59,892.10","70,954"
18-Jul-2023,EQ,"1,536.00","1,542.15","1,526.00","1,536.30","1,536.50","1,534.70","1,532.81","1,594.80","1,123.40","10,59,058","1,62,33,35,669.05","60,751"
17-Jul-2023,EQ,"1,559.00","1,559.00","1,529.50","1,546.55","1,538.00","1,536.30","1,540.14","1,594.80","1,123.40","15,20,990","2,34,25,35,168.80","86,235"
14-Jul-2023,EQ,"1,562.70","1,566.90","1,542.70","1,566.90","1,545.00","1,546.55","1,551.94","1,594.80","1,122.65","21,74,792","3,37,51,54,000.35","96,588"
13-Jul-2023,EQ,"1,576.00","1,594.80","1,558.45","1,570.85","1,571.05","1,566.90","1,578.32","1,594.80","1,122.65","18,59,405","2,93,47,32,700.90","87,474"
12-Jul-2023,EQ,"1,569.00","1,579.65","1,541.65","1,569.45","1,570.00","1,570.85","1,563.94","1,591.95","1,122.65","26,58,457","4,15,76,78,302.60","1,09,295"
11-Jul-2023,EQ,"1,558.25","1,576.00","1,550.40","1,551.40","1,569.00","1,569.45","1,567.19","1,591.95","1,122.65","15,63,376","2,45,01,14,284.30","1,14,002"
10-Jul-2023,EQ,"1,567.00","1,579.00","1,545.95","1,564.15","1,553.00","1,551.40","1,560.33","1,591.95","1,122.65","22,76,342","3,55,18,33,862.95","1,49,933"
07-Jul-2023,EQ,"1,546.90","1,591.95","1,539.30","1,548.80","1,561.00","1,564.15","1,564.56","1,591.95","1,078.00","69,05,845","10,80,46,25,639.95","2,60,393"
06-Jul-2023,EQ,"1,477.85","1,552.90","1,472.65","1,475.35","1,549.50","1,548.80","1,525.41","1,552.90","1,078.00","56,28,945","8,58,64,43,512.65","2,05,433"
05-Jul-2023,EQ,"1,463.95","1,478.00","1,457.10","1,464.45","1,477.90","1,475.35","1,468.79","1,498.05","1,078.00","14,56,527","2,13,93,34,212.80","63,472"
04-Jul-2023,EQ,"1,487.00","1,487.00","1,462.10","1,467.95","1,467.55","1,464.45","1,474.83","1,498.05","1,078.00","15,95,700","2,35,33,86,706.45","69,329"
03-Jul-2023,EQ,"1,470.00","1,498.05","1,459.30","1,453.60","1,471.70","1,467.95","1,475.68","1,498.05","1,078.00","36,15,176","5,33,48,36,255.65","1,51,271"
30-Jun-2023,EQ,"1,402.65","1,461.00","1,400.00","1,395.00","1,456.00","1,453.60","1,442.59","1,461.00","1,064.00","41,14,865","5,93,60,69,457.00","1,45,578"
28-Jun-2023,EQ,"1,408.95","1,413.75","1,390.15","1,402.40","1,397.00","1,395.00","1,401.57","1,422.80","1,064.00","26,11,913","3,66,07,89,774.80","95,156"
27-Jun-2023,EQ,"1,406.70","1,417.00","1,393.60","1,397.65","1,401.50","1,402.40","1,405.15","1,422.80","1,064.00","27,37,379","3,84,64,40,646.50","1,09,787"
27-Jun-2023,EQ,"1,406.70","1,417.00","1,393.60","1,397.65","1,401.50","1,402.40","1,405.15","1,422.80","1,064.00","27,37,379","3,84,64,40,646.50","1,09,787"
26-Jun-2023,EQ,"1,375.00","1,404.90","1,369.95","1,373.25","1,398.00","1,397.65","1,391.55","1,422.80","1,064.00","22,81,046","3,17,41,79,572.45","1,18,787"
23-Jun-2023,EQ,"1,376.90","1,379.60","1,368.50","1,378.70","1,374.35","1,373.25","1,374.34","1,422.80",972.65,"12,58,590","1,72,97,28,767.55","76,941"
22-Jun-2023,EQ,"1,379.00","1,392.00","1,374.65","1,374.25","1,379.80","1,378.70","1,382.36","1,422.80",972.65,"12,96,616","1,79,23,85,557.15","59,952"
21-Jun-2023,EQ,"1,394.05","1,403.40","1,370.65","1,396.45","1,377.25","1,374.25","1,384.41","1,422.80",972.65,"20,08,628","2,78,07,63,287.50","73,106"
20-Jun-2023,EQ,"1,402.60","1,409.90","1,380.70","1,402.55","1,397.65","1,396.45","1,389.88","1,422.80",972.65,"10,42,428","1,44,88,48,860.75","75,030"
19-Jun-2023,EQ,"1,409.50","1,415.35","1,396.00","1,403.85","1,400.50","1,402.55","1,406.43","1,422.80",972.65,"14,76,764","2,07,69,59,980.90","50,352"
16-Jun-2023,EQ,"1,399.00","1,409.80","1,393.40","1,392.75","1,406.00","1,403.85","1,403.03","1,422.80",972.65,"21,32,678","2,99,22,14,928.45","83,278"
15-Jun-2023,EQ,"1,381.80","1,407.20","1,371.50","1,378.65","1,393.05","1,392.75","1,393.96","1,422.80",972.65,"17,20,070","2,39,77,14,144.80","69,075"
14-Jun-2023,EQ,"1,374.00","1,381.00","1,366.00","1,373.15","1,378.15","1,378.65","1,376.09","1,422.80",972.65,"9,05,086","1,24,54,81,508.85","39,756"
13-Jun-2023,EQ,"1,383.15","1,388.50","1,368.20","1,381.40","1,374.20","1,373.15","1,374.16","1,422.80",972.65,"25,16,583","3,45,81,94,422.90","88,930"
12-Jun-2023,EQ,"1,377.90","1,384.80","1,369.30","1,370.65","1,384.00","1,381.40","1,377.34","1,422.80",972.65,"13,89,300","1,91,35,42,866.75","87,121"
09-Jun-2023,EQ,"1,380.75","1,387.00","1,363.00","1,381.05","1,371.85","1,370.65","1,369.64","1,422.80",972.65,"18,81,329","2,57,67,41,282.00","77,964"
08-Jun-2023,EQ,"1,412.70","1,415.55","1,377.50","1,406.40","1,379.95","1,381.05","1,390.27","1,422.80",972.65,"17,76,230","2,46,94,33,713.70","58,863"
07-Jun-2023,EQ,"1,422.80","1,422.80","1,395.00","1,411.20","1,409.00","1,406.40","1,405.42","1,422.80",972.65,"24,91,079","3,50,10,08,994.00","85,909"
06-Jun-2023,EQ,"1,395.40","1,414.90","1,388.05","1,395.40","1,410.10","1,411.20","1,404.61","1,414.90",972.65,"23,35,838","3,28,09,49,721.20","1,48,600"
05-Jun-2023,EQ,"1,349.80","1,401.00","1,346.35","1,341.40","1,394.95","1,395.40","1,382.09","1,401.00",972.65,"51,05,293","7,05,59,93,111.65","2,22,575"
02-Jun-2023,EQ,"1,324.85","1,345.00","1,320.30","1,318.90","1,343.00","1,341.40","1,333.58","1,397.00",957.05,"23,13,841","3,08,56,84,622.00","1,19,337"
01-Jun-2023,EQ,"1,319.00","1,337.70","1,312.80","1,319.00","1,319.80","1,318.90","1,324.42","1,397.00",957.05,"23,64,455","3,13,15,20,548.20","1,61,465"
31-May-2023,EQ,"1,325.00","1,328.25","1,303.25","1,328.45","1,316.20","1,319.00","1,318.27","1,397.00",957.05,"56,29,378","7,42,10,49,375.10","1,36,284"
30-May-2023,EQ,"1,329.95","1,335.30","1,320.00","1,330.15","1,327.05","1,328.45","1,330.40","1,397.00",957.05,"24,93,657","3,31,75,65,304.05","1,02,790"
29-May-2023,EQ,"1,321.50","1,350.00","1,298.00","1,281.85","1,325.05","1,330.15","1,329.30","1,397.00",957.05,"61,85,862","8,22,28,50,122.70","2,67,574"
26-May-2023,EQ,"1,290.00","1,292.80","1,268.35","1,277.80","1,277.00","1,281.85","1,283.55","1,397.00",910.25,"35,08,112","4,50,28,27,826.00","97,532"
25-May-2023,EQ,"1,280.00","1,280.80","1,257.55","1,275.70","1,279.35","1,277.80","1,268.92","1,397.00",910.25,"20,40,166","2,58,87,99,776.75","88,205"
24-May-2023,EQ,"1,260.00","1,278.00","1,254.50","1,268.55","1,277.10","1,275.70","1,268.82","1,397.00",910.25,"13,69,297","1,73,73,94,061.30","51,832"
23-May-2023,EQ,"1,265.55","1,270.75","1,256.55","1,265.55","1,268.00","1,268.55","1,265.72","1,397.00",910.25,"18,03,955","2,28,33,09,711.00","63,990"
22-May-2023,EQ,"1,259.25","1,269.45","1,251.30","1,260.40","1,265.00","1,265.55","1,264.15","1,397.00",910.25,"9,17,769","1,16,01,98,733.60","50,047"
19-May-2023,EQ,"1,252.90","1,262.45","1,237.45","1,245.50","1,258.00","1,260.40","1,252.59","1,397.00",880.15,"15,88,996","1,99,03,59,577.40","76,012"
18-May-2023,EQ,"1,269.95","1,269.95","1,241.25","1,263.10","1,248.80","1,245.50","1,253.56","1,397.00",880.15,"19,00,447","2,38,23,23,213.50","58,030"
17-May-2023,EQ,"1,265.00","1,271.70","1,260.70","1,262.45","1,262.00","1,263.10","1,265.63","1,397.00",880.15,"16,43,851","2,08,05,08,122.70","70,293"
16-May-2023,EQ,"1,287.00","1,291.70","1,258.85","1,285.65","1,265.00","1,262.45","1,271.96","1,397.00",880.15,"15,71,371","1,99,87,28,640.75","88,509"
15-May-2023,EQ,"1,279.90","1,287.75","1,272.60","1,275.95","1,287.50","1,285.65","1,283.33","1,397.00",880.15,"26,47,630","3,39,77,82,400.75","88,203"
12-May-2023,EQ,"1,256.40","1,278.80","1,251.30","1,251.30","1,275.05","1,275.95","1,267.70","1,397.00",853.70,"24,27,624","3,07,75,03,825.20","81,774"
11-May-2023,EQ,"1,250.00","1,260.85","1,244.15","1,248.65","1,251.05","1,251.30","1,251.60","1,397.00",853.70,"41,00,467","5,13,21,38,074.80","81,913"
10-May-2023,EQ,"1,250.00","1,255.80","1,235.00","1,245.45","1,250.00","1,248.65","1,244.32","1,397.00",853.70,"21,08,081","2,62,31,26,522.95","1,01,400"
09-May-2023,EQ,"1,239.00","1,250.00","1,234.05","1,231.80","1,244.70","1,245.45","1,244.17","1,397.00",853.70,"18,46,359","2,29,71,76,570.65","96,037"
08-May-2023,EQ,"1,216.95","1,239.85","1,213.70","1,211.20","1,233.50","1,231.80","1,233.24","1,397.00",853.70,"35,13,667","4,33,31,84,372.70","1,19,692"
05-May-2023,EQ,"1,232.80","1,242.35","1,208.05","1,231.70","1,213.00","1,211.20","1,220.48","1,397.00",853.70,"47,53,718","5,80,18,23,647.55","74,419"
04-May-2023,EQ,"1,235.00","1,238.05","1,228.00","1,235.45","1,230.45","1,231.70","1,231.41","1,397.00",853.70,"15,41,188","1,89,78,27,472.00","1,07,298"
03-May-2023,EQ,"1,237.30","1,242.00","1,230.10","1,237.30","1,235.00","1,235.45","1,235.35","1,397.00",853.70,"13,07,304","1,61,49,83,470.55","51,373"
02-May-2023,EQ,"1,230.00","1,240.80","1,217.50","1,226.90","1,234.00","1,237.30","1,231.82","1,397.00",853.70,"26,07,580","3,21,20,76,691.70","83,747"
28-Apr-2023,EQ,"1,225.00","1,228.75","1,211.50","1,224.00","1,225.10","1,226.90","1,222.57","1,397.00",853.70,"23,33,102","2,85,23,80,878.35","94,563"
27-Apr-2023,EQ,"1,210.05","1,225.00","1,210.05","1,213.55","1,224.00","1,224.00","1,221.02","1,397.00",853.70,"13,40,045","1,63,62,25,046.95","70,970"
26-Apr-2023,EQ,"1,212.00","1,217.25","1,205.30","1,209.85","1,215.75","1,213.55","1,211.52","1,397.00",853.70,"17,08,865","2,07,03,30,615.65","82,752"
25-Apr-2023,EQ,"1,207.75","1,215.00","1,199.40","1,207.75","1,207.65","1,209.85","1,207.02","1,397.00",853.70,"13,60,260","1,64,18,67,112.00","78,457"
24-Apr-2023,EQ,"1,210.40","1,217.10","1,196.00","1,212.75","1,206.90","1,207.75","1,204.34","1,397.00",853.70,"13,89,756","1,67,37,44,359.05","79,708"
21-Apr-2023,EQ,"1,221.95","1,221.95","1,209.05","1,218.60","1,212.15","1,212.75","1,212.84","1,397.00",853.70,"10,15,815","1,23,20,23,990.80","49,947"
20-Apr-2023,EQ,"1,218.00","1,224.90","1,214.55","1,215.50","1,215.05","1,218.60","1,219.80","1,397.00",853.70,"21,72,677","2,65,02,41,378.90","64,800"
19-Apr-2023,EQ,"1,204.65","1,217.95","1,203.40","1,204.70","1,215.45","1,215.50","1,213.10","1,397.00",853.70,"18,18,732","2,20,63,05,714.25","53,648"
18-Apr-2023,EQ,"1,213.00","1,217.90","1,202.60","1,212.95","1,205.40","1,204.70","1,207.20","1,397.00",853.70,"20,75,066","2,50,50,25,632.40","82,844"
17-Apr-2023,EQ,"1,218.95","1,218.95","1,203.40","1,204.55","1,214.00","1,212.95","1,208.96","1,397.00",853.70,"19,56,198","2,36,49,60,178.35","89,774"
13-Apr-2023,EQ,"1,213.45","1,222.20","1,199.55","1,207.35","1,205.45","1,204.55","1,205.80","1,397.00",843.30,"44,70,196","5,39,01,48,195.90","1,22,229"
12-Apr-2023,EQ,"1,203.50","1,212.95","1,198.60","1,201.70","1,209.00","1,207.35","1,207.59","1,397.00",843.30,"24,69,405","2,98,20,17,349.05","1,21,209"
11-Apr-2023,EQ,"1,200.00","1,204.20","1,188.20","1,188.60","1,203.50","1,201.70","1,196.00","1,397.00",843.30,"24,43,384","2,92,22,81,034.80","1,13,995"
10-Apr-2023,EQ,"1,171.25","1,191.00","1,171.25","1,171.25","1,189.00","1,188.60","1,184.20","1,397.00",843.30,"25,86,918","3,06,34,28,073.95","93,434"
06-Apr-2023,EQ,"1,154.00","1,175.00","1,148.30","1,155.45","1,171.95","1,171.25","1,165.09","1,397.00",810.00,"20,29,418","2,36,44,59,862.00","88,915"
05-Apr-2023,EQ,"1,172.00","1,173.30","1,151.95","1,169.90","1,154.05","1,155.45","1,161.44","1,397.00",810.00,"20,28,469","2,35,59,52,263.75","1,08,271"
03-Apr-2023,EQ,"1,161.30","1,180.00","1,155.30","1,158.70","1,172.00","1,169.90","1,168.18","1,397.00",810.00,"25,46,562","2,97,48,37,861.15","1,78,078"
31-Mar-2023,EQ,"1,147.60","1,163.00","1,145.85","1,144.30","1,158.00","1,158.70","1,154.92","1,397.00",751.30,"23,43,070","2,70,60,56,495.25","86,258"
29-Mar-2023,EQ,"1,133.95","1,152.45","1,132.00","1,128.30","1,145.85","1,144.30","1,144.74","1,397.00",751.30,"40,03,003","4,58,24,01,176.45","95,406"
28-Mar-2023,EQ,"1,143.60","1,149.00","1,123.40","1,137.90","1,130.90","1,128.30","1,131.73","1,397.00",751.30,"19,03,339","2,15,40,65,712.00","74,023"
27-Mar-2023,EQ,"1,141.50","1,150.60","1,125.50","1,150.80","1,139.00","1,137.90","1,139.30","1,397.00",751.30,"24,46,528","2,78,73,30,742.15","1,00,900"
24-Mar-2023,EQ,"1,160.55","1,170.55","1,147.10","1,164.95","1,148.00","1,150.80","1,158.08","1,397.00",751.30,"18,39,876","2,13,07,17,389.55","1,11,241"
23-Mar-2023,EQ,"1,161.00","1,175.00","1,153.80","1,164.10","1,160.25","1,164.95","1,165.52","1,397.00",751.30,"25,94,282","3,02,36,86,000.60","1,12,210"
22-Mar-2023,EQ,"1,167.50","1,180.50","1,159.15","1,160.30","1,164.00","1,164.10","1,167.95","1,397.00",751.30,"22,11,909","2,58,34,08,999.50","1,03,691"
21-Mar-2023,EQ,"1,170.60","1,175.00","1,156.40","1,167.65","1,162.70","1,160.30","1,162.55","1,397.00",751.30,"22,09,422","2,56,85,60,892.80","1,10,281"
20-Mar-2023,EQ,"1,169.95","1,179.15","1,145.00","1,171.50","1,169.00","1,167.65","1,158.59","1,397.00",751.30,"20,82,268","2,41,24,88,159.60","1,46,872"
17-Mar-2023,EQ,"1,172.90","1,186.25","1,152.00","1,167.05","1,171.40","1,171.50","1,169.99","1,397.00",725.45,"36,83,701","4,30,98,90,014.00","98,483"
16-Mar-2023,EQ,"1,160.00","1,175.25","1,140.15","1,160.35","1,170.00","1,167.05","1,161.29","1,397.00",725.45,"36,04,480","4,18,58,52,141.90","1,85,190"
15-Mar-2023,EQ,"1,167.00","1,174.40","1,153.20","1,160.80","1,158.50","1,160.35","1,165.20","1,397.00",725.45,"22,26,887","2,59,47,77,066.65","95,603"
14-Mar-2023,EQ,"1,192.30","1,192.40","1,156.85","1,193.45","1,159.65","1,160.80","1,170.17","1,397.00",725.45,"53,79,592","6,29,50,17,026.85","2,10,285"
13-Mar-2023,EQ,"1,222.70","1,231.00","1,182.45","1,226.70","1,193.00","1,193.45","1,203.05","1,397.00",725.45,"38,42,775","4,62,30,44,928.10","1,74,287"
10-Mar-2023,EQ,"1,249.00","1,256.70","1,225.35","1,248.15","1,227.65","1,226.70","1,234.74","1,397.00",671.15,"26,64,696","3,29,02,06,651.25","1,05,829"
09-Mar-2023,EQ,"1,291.00","1,294.80","1,244.95","1,289.95","1,245.15","1,248.15","1,259.52","1,397.00",671.15,"35,96,577","4,52,99,65,390.05","1,04,594"
08-Mar-2023,EQ,"1,270.00","1,291.95","1,258.30","1,270.45","1,288.10","1,289.95","1,278.12","1,397.00",671.15,"23,70,800","3,03,01,74,932.65","1,02,908"
06-Mar-2023,EQ,"1,269.55","1,284.25","1,268.00","1,268.60","1,274.90","1,270.45","1,276.65","1,397.00",671.15,"15,70,410","2,00,48,60,450.45","82,701"
03-Mar-2023,EQ,"1,257.90","1,276.95","1,253.25","1,251.55","1,266.95","1,268.60","1,266.28","1,397.00",671.15,"14,93,291","1,89,09,26,721.65","79,127"
02-Mar-2023,EQ,"1,278.55","1,278.55","1,250.00","1,272.15","1,253.00","1,251.55","1,257.01","1,397.00",671.15,"15,63,750","1,96,56,41,591.45","1,03,192"
01-Mar-2023,EQ,"1,275.95","1,305.55","1,269.05","1,269.60","1,274.80","1,272.15","1,288.26","1,397.00",671.15,"23,38,935","3,01,31,47,989.80","93,922"
28-Feb-2023,EQ,"1,263.70","1,293.25","1,260.00","1,257.40","1,275.35","1,269.60","1,275.72","1,397.00",671.15,"34,07,211","4,34,66,52,629.15","1,08,781"
27-Feb-2023,EQ,"1,270.05","1,285.40","1,248.40","1,280.20","1,261.00","1,257.40","1,259.93","1,397.00",671.15,"20,19,964","2,54,50,17,171.90","1,08,471"
24-Feb-2023,EQ,"1,320.20","1,320.55","1,278.20","1,313.95","1,280.45","1,280.20","1,293.06","1,397.00",671.15,"28,24,384","3,65,20,99,151.90","1,38,382"
23-Feb-2023,EQ,"1,325.25","1,326.25","1,305.00","1,319.75","1,315.60","1,313.95","1,315.69","1,397.00",671.15,"18,47,879","2,43,12,31,348.65","1,18,680"
22-Feb-2023,EQ,"1,346.90","1,352.85","1,311.15","1,351.85","1,331.00","1,319.75","1,333.84","1,397.00",671.15,"21,96,484","2,92,97,53,843.90","1,06,037"
21-Feb-2023,EQ,"1,354.50","1,362.40","1,341.00","1,346.25","1,346.45","1,351.85","1,351.36","1,397.00",671.15,"21,18,816","2,86,32,73,608.00","1,34,813"
20-Feb-2023,EQ,"1,342.10","1,354.95","1,332.60","1,341.50","1,343.00","1,346.25","1,347.12","1,397.00",671.15,"14,97,314","2,01,70,54,185.10","65,991"
17-Feb-2023,EQ,"1,359.95","1,372.55","1,332.30","1,368.15","1,343.00","1,341.50","1,349.63","1,397.00",671.15,"21,50,027","2,90,17,32,428.25","99,592"
16-Feb-2023,EQ,"1,380.10","1,397.00","1,363.20","1,379.35","1,366.10","1,368.15","1,381.70","1,397.00",671.15,"26,46,301","3,65,63,84,718.80","1,06,674"
15-Feb-2023,EQ,"1,364.20","1,383.15","1,360.05","1,363.15","1,378.00","1,379.35","1,371.71","1,391.95",671.15,"20,07,214","2,75,33,13,947.30","67,652"
14-Feb-2023,EQ,"1,358.00","1,377.00","1,350.00","1,353.00","1,365.50","1,363.15","1,367.97","1,391.95",671.15,"23,73,179","3,24,64,33,929.55","1,36,512"
13-Feb-2023,EQ,"1,375.00","1,384.00","1,325.05","1,365.45","1,350.00","1,353.00","1,352.12","1,391.95",671.15,"44,01,219","5,95,09,57,408.60","1,41,710"
10-Feb-2023,EQ,"1,378.55","1,386.95","1,350.80","1,372.20","1,362.95","1,365.45","1,370.68","1,391.95",671.15,"32,82,665","4,49,94,77,051.75","1,08,794"
09-Feb-2023,EQ,"1,372.00","1,386.00","1,363.00","1,373.05","1,372.00","1,372.20","1,372.95","1,391.95",671.15,"18,66,387","2,56,24,47,273.20","79,925"
08-Feb-2023,EQ,"1,373.55","1,380.00","1,360.00","1,366.70","1,373.60","1,373.05","1,371.06","1,391.95",671.15,"12,41,238","1,70,18,11,890.30","65,375"
07-Feb-2023,EQ,"1,382.90","1,385.00","1,361.00","1,376.00","1,368.80","1,366.70","1,370.26","1,391.95",671.15,"14,13,825","1,93,73,03,492.05","90,555"
06-Feb-2023,EQ,"1,391.90","1,391.90","1,360.00","1,388.00","1,374.15","1,376.00","1,372.28","1,391.95",671.15,"15,04,382","2,06,44,37,635.85","70,435"
03-Feb-2023,EQ,"1,359.20","1,391.95","1,350.55","1,352.40","1,390.00","1,388.00","1,369.93","1,391.95",671.15,"18,03,085","2,47,01,04,448.20","1,17,288"
02-Feb-2023,EQ,"1,348.05","1,378.20","1,330.50","1,352.05","1,354.00","1,352.40","1,356.97","1,390.00",671.15,"20,29,111","2,75,34,35,257.05","1,12,553"
01-Feb-2023,EQ,"1,386.55","1,390.00","1,322.00","1,378.75","1,350.10","1,352.05","1,365.58","1,390.00",671.15,"30,10,838","4,11,15,48,690.30","1,54,533"
31-Jan-2023,EQ,"1,350.30","1,385.50","1,335.30","1,331.60","1,377.00","1,378.75","1,365.83","1,385.50",671.15,"52,65,862","7,19,22,74,482.85","2,04,323"
30-Jan-2023,EQ,"1,320.10","1,342.00","1,305.00","1,320.20","1,332.00","1,331.60","1,327.94","1,366.55",671.15,"24,02,331","3,19,01,52,274.10","1,17,782"
27-Jan-2023,EQ,"1,318.10","1,339.80","1,286.65","1,311.50","1,320.00","1,320.20","1,314.55","1,366.55",671.15,"19,14,769","2,51,70,63,798.60","1,13,017"
25-Jan-2023,EQ,"1,324.90","1,332.00","1,306.05","1,323.90","1,317.95","1,311.50","1,314.87","1,366.55",671.15,"13,59,090","1,78,70,29,928.95","45,866"
24-Jan-2023,EQ,"1,335.10","1,335.10","1,321.05","1,328.45","1,323.55","1,323.90","1,326.45","1,366.55",671.15,"14,08,040","1,86,76,91,102.90","54,049"
23-Jan-2023,EQ,"1,321.35","1,345.95","1,312.30","1,314.75","1,326.95","1,328.45","1,333.88","1,366.55",671.15,"16,81,075","2,24,23,55,208.60","58,969"
20-Jan-2023,EQ,"1,324.05","1,325.00","1,311.65","1,319.55","1,318.85","1,314.75","1,318.48","1,366.55",671.15,"13,32,666","1,75,70,99,309.90","68,589"
19-Jan-2023,EQ,"1,317.60","1,328.70","1,312.30","1,322.15","1,318.00","1,319.55","1,320.94","1,366.55",671.15,"20,66,881","2,73,02,29,248.15","75,393"
18-Jan-2023,EQ,"1,320.35","1,325.00","1,308.10","1,320.85","1,320.60","1,322.15","1,317.60","1,366.55",671.15,"11,79,938","1,55,46,87,089.55","71,949"
17-Jan-2023,EQ,"1,318.95","1,323.85","1,304.10","1,315.60","1,318.00","1,320.85","1,315.24","1,366.55",671.15,"16,07,137","2,11,37,63,483.40","82,409"
16-Jan-2023,EQ,"1,333.00","1,335.25","1,302.95","1,328.15","1,315.30","1,315.60","1,313.88","1,366.55",671.15,"16,51,972","2,17,04,93,795.60","73,856"
13-Jan-2023,EQ,"1,325.00","1,337.00","1,311.60","1,319.90","1,327.55","1,328.15","1,328.14","1,366.55",671.15,"26,00,139","3,45,33,42,140.80","85,649"
12-Jan-2023,EQ,"1,316.00","1,327.00","1,310.00","1,312.60","1,322.00","1,319.90","1,317.72","1,366.55",671.15,"24,48,619","3,22,66,00,093.45","98,403"
11-Jan-2023,EQ,"1,315.50","1,320.00","1,300.50","1,314.90","1,312.00","1,312.60","1,308.72","1,366.55",671.15,"20,41,750","2,67,20,68,950.40","1,11,463"
10-Jan-2023,EQ,"1,310.50","1,326.40","1,305.75","1,310.35","1,317.00","1,314.90","1,316.71","1,366.55",671.15,"31,39,930","4,13,43,88,498.50","1,04,788"
09-Jan-2023,EQ,"1,272.95","1,313.90","1,271.65","1,264.90","1,310.10","1,310.35","1,303.44","1,366.55",671.15,"36,34,805","4,73,77,37,669.40","1,45,295"
06-Jan-2023,EQ,"1,252.65","1,274.95","1,248.15","1,252.65","1,263.40","1,264.90","1,263.26","1,366.55",671.15,"22,14,972","2,79,80,96,003.20","63,562"
05-Jan-2023,EQ,"1,240.00","1,255.00","1,231.00","1,236.20","1,253.00","1,252.65","1,248.46","1,366.55",671.15,"27,45,160","3,42,72,25,186.85","1,03,100"
04-Jan-2023,EQ,"1,252.35","1,255.80","1,231.00","1,249.30","1,235.50","1,236.20","1,241.09","1,366.55",671.15,"13,44,532","1,66,86,84,918.65","59,066"
03-Jan-2023,EQ,"1,263.00","1,265.00","1,246.70","1,262.85","1,251.00","1,249.30","1,253.06","1,366.55",671.15,"15,10,751","1,89,30,65,513.75","68,244"
02-Jan-2023,EQ,"1,251.00","1,271.00","1,242.60","1,249.20","1,262.00","1,262.85","1,262.06","1,366.55",671.15,"17,18,385","2,16,86,96,725.65","76,028"
30-Dec-2022,EQ,"1,265.35","1,265.35","1,245.00","1,262.35","1,251.00","1,249.20","1,254.28","1,366.55",671.15,"13,72,710","1,72,17,59,506.30","54,985"
29-Dec-2022,EQ,"1,247.70","1,267.60","1,238.55","1,252.35","1,260.55","1,262.35","1,252.29","1,366.55",671.15,"12,89,676","1,61,50,52,426.60","47,957"
28-Dec-2022,EQ,"1,229.85","1,255.00","1,225.00","1,234.25","1,254.10","1,252.35","1,247.29","1,366.55",671.15,"19,59,508","2,44,40,75,087.30","67,974"
27-Dec-2022,EQ,"1,243.25","1,248.50","1,223.95","1,237.05","1,230.00","1,234.25","1,231.97","1,366.55",671.15,"13,04,940","1,60,76,47,393.95","43,663"
26-Dec-2022,EQ,"1,224.60","1,247.40","1,216.30","1,224.60","1,237.00","1,237.05","1,239.97","1,366.55",671.15,"16,77,560","2,08,01,26,730.60","71,960"
23-Dec-2022,EQ,"1,220.00","1,230.00","1,208.00","1,233.95","1,229.00","1,224.60","1,220.09","1,366.55",671.15,"19,13,648","2,33,48,28,086.35","91,117"
22-Dec-2022,EQ,"1,265.70","1,277.65","1,229.30","1,265.70","1,234.40","1,233.95","1,244.51","1,366.55",671.15,"15,57,590","1,93,84,43,647.10","60,880"
21-Dec-2022,EQ,"1,279.90","1,284.50","1,258.50","1,275.25","1,265.95","1,265.70","1,272.70","1,366.55",671.15,"12,51,993","1,59,34,12,896.95","49,553"
20-Dec-2022,EQ,"1,287.95","1,288.00","1,263.10","1,290.65","1,274.20","1,275.25","1,271.19","1,366.55",671.15,"12,86,604","1,63,55,14,976.25","53,859"
19-Dec-2022,EQ,"1,250.90","1,294.90","1,245.05","1,251.60","1,289.00","1,290.65","1,278.14","1,366.55",671.15,"27,67,603","3,53,73,71,561.30","81,920"
16-Dec-2022,EQ,"1,277.95","1,287.00","1,250.00","1,286.95","1,254.80","1,251.60","1,258.43","1,366.55",671.15,"21,36,354","2,68,84,41,984.15","80,392"
15-Dec-2022,EQ,"1,285.90","1,293.50","1,281.75","1,286.45","1,286.00","1,286.95","1,289.55","1,366.55",671.15,"24,17,555","3,11,75,64,166.80","43,147"
14-Dec-2022,EQ,"1,287.00","1,291.00","1,276.45","1,283.35","1,286.00","1,286.45","1,284.52","1,366.55",671.15,"14,36,837","1,84,56,49,571.85","47,546"
13-Dec-2022,EQ,"1,268.00","1,285.95","1,267.00","1,264.00","1,282.00","1,283.35","1,280.55","1,366.55",671.15,"21,64,600","2,77,18,75,977.35","79,309"
12-Dec-2022,EQ,"1,263.90","1,277.30","1,256.50","1,265.40","1,263.90","1,264.00","1,264.43","1,366.55",671.15,"17,23,401","2,17,91,21,599.60","52,869"
09-Dec-2022,EQ,"1,281.50","1,284.65","1,256.50","1,274.35","1,265.00","1,265.40","1,269.29","1,366.55",671.15,"13,08,941","1,66,14,30,543.60","78,964"
08-Dec-2022,EQ,"1,272.95","1,282.00","1,269.50","1,266.60","1,274.00","1,274.35","1,275.64","1,366.55",671.15,"19,06,386","2,43,18,62,616.40","77,274"
07-Dec-2022,EQ,"1,262.00","1,268.90","1,252.40","1,263.05","1,267.50","1,266.60","1,261.70","1,366.55",671.15,"17,31,982","2,18,52,39,862.60","63,220"
06-Dec-2022,EQ,"1,248.50","1,265.45","1,248.50","1,259.80","1,262.45","1,263.05","1,258.51","1,366.55",671.15,"16,86,075","2,12,19,35,825.70","67,777"
05-Dec-2022,EQ,"1,269.45","1,269.45","1,252.60","1,264.60","1,259.20","1,259.80","1,258.45","1,366.55",671.15,"27,64,806","3,47,93,60,826.50","65,886"
02-Dec-2022,EQ,"1,286.45","1,293.80","1,260.00","1,293.45","1,266.95","1,264.60","1,268.40","1,366.55",671.15,"28,92,150","3,66,83,98,732.45","1,00,936"
01-Dec-2022,EQ,"1,315.00","1,316.95","1,288.00","1,305.60","1,290.00","1,293.45","1,297.48","1,366.55",671.15,"26,13,761","3,39,13,03,810.65","69,000"
30-Nov-2022,EQ,"1,262.10","1,316.00","1,257.65","1,257.10","1,307.95","1,305.60","1,292.79","1,366.55",671.15,"75,36,690","9,74,33,26,750.10","1,24,923"
29-Nov-2022,EQ,"1,256.00","1,265.00","1,248.55","1,250.70","1,256.20","1,257.10","1,255.73","1,366.55",671.15,"24,35,651","3,05,85,31,016.40","58,148"
28-Nov-2022,EQ,"1,258.90","1,272.00","1,246.00","1,260.80","1,252.25","1,250.70","1,252.91","1,366.55",671.15,"21,26,619","2,66,44,54,840.80","53,678"
25-Nov-2022,EQ,"1,258.00","1,267.70","1,246.00","1,254.05","1,261.00","1,260.80","1,260.03","1,366.55",671.15,"13,70,326","1,72,66,45,304.65","59,901"
24-Nov-2022,EQ,"1,241.90","1,257.00","1,238.65","1,235.70","1,253.00","1,254.05","1,248.62","1,366.55",671.15,"21,33,523","2,66,39,49,859.65","92,317"
23-Nov-2022,EQ,"1,234.60","1,240.35","1,224.00","1,228.45","1,234.00","1,235.70","1,231.37","1,366.55",671.15,"23,96,267","2,95,06,90,822.50","81,814"
22-Nov-2022,EQ,"1,220.65","1,235.45","1,215.95","1,218.25","1,234.00","1,228.45","1,223.66","1,366.55",671.15,"24,69,455","3,02,17,85,336.75","77,361"
21-Nov-2022,EQ,"1,218.00","1,234.90","1,202.00","1,227.15","1,223.00","1,218.25","1,216.75","1,366.55",671.15,"41,20,736","5,01,39,13,405.40","1,01,823"
18-Nov-2022,EQ,"1,250.05","1,255.95","1,217.25","1,259.35","1,227.70","1,227.15","1,232.20","1,366.55",671.15,"45,25,364","5,57,61,70,818.20","1,33,086"
17-Nov-2022,EQ,"1,280.20","1,285.00","1,254.15","1,286.70","1,259.00","1,259.35","1,269.14","1,366.55",671.15,"23,19,979","2,94,43,80,950.60","74,882"
16-Nov-2022,EQ,"1,288.95","1,295.00","1,276.00","1,291.70","1,285.00","1,286.70","1,286.11","1,366.55",671.15,"24,78,281","3,18,73,39,740.30","93,428"
15-Nov-2022,EQ,"1,284.55","1,296.30","1,275.25","1,278.15","1,292.20","1,291.70","1,284.50","1,366.55",671.15,"31,92,070","4,10,02,05,270.50","78,891"
14-Nov-2022,EQ,"1,304.00","1,309.70","1,268.05","1,287.10","1,280.00","1,278.15","1,285.86","1,366.55",671.15,"37,94,391","4,87,90,51,720.35","94,714"
11-Nov-2022,EQ,"1,305.10","1,318.75","1,278.55","1,298.20","1,289.00","1,287.10","1,295.00","1,366.55",671.15,"53,08,986","6,87,51,38,297.70","1,30,400"
10-Nov-2022,EQ,"1,339.00","1,339.00","1,290.60","1,337.55","1,296.50","1,298.20","1,300.32","1,366.55",671.15,"27,92,546","3,63,12,06,288.40","90,520"
09-Nov-2022,EQ,"1,364.85","1,364.85","1,331.00","1,351.30","1,334.70","1,337.55","1,341.53","1,366.55",671.15,"24,59,869","3,29,99,80,053.60","66,136"
07-Nov-2022,EQ,"1,345.00","1,355.60","1,336.60","1,338.30","1,352.50","1,351.30","1,346.31","1,366.55",671.15,"25,99,224","3,49,93,63,444.40","53,384"
04-Nov-2022,EQ,"1,338.00","1,352.00","1,331.00","1,335.40","1,340.00","1,338.30","1,337.24","1,366.55",671.15,"22,04,968","2,94,85,72,552.55","55,295"
03-Nov-2022,EQ,"1,340.00","1,355.00","1,328.55","1,352.35","1,338.30","1,335.40","1,337.53","1,366.55",671.15,"19,31,917","2,58,40,02,693.35","62,308"
02-Nov-2022,EQ,"1,354.05","1,361.00","1,338.60","1,354.05","1,351.60","1,352.35","1,348.67","1,366.55",671.15,"22,98,917","3,10,04,70,237.85","75,404"
01-Nov-2022,EQ,"1,361.00","1,366.55","1,349.35","1,348.60","1,354.00","1,354.05","1,356.20","1,366.55",671.15,"34,05,472","4,61,85,03,253.90","76,105"
31-Oct-2022,EQ,"1,318.25","1,358.50","1,316.60","1,311.65","1,349.90","1,348.60","1,344.25","1,358.50",671.15,"43,06,893","5,78,95,56,835.55","1,09,479"
28-Oct-2022,EQ,"1,300.65","1,315.90","1,290.00","1,294.15","1,313.95","1,311.65","1,304.82","1,338.00",671.15,"21,11,224","2,75,47,64,144.85","68,876"
27-Oct-2022,EQ,"1,283.30","1,299.85","1,279.05","1,281.40","1,294.95","1,294.15","1,292.61","1,338.00",671.15,"32,79,938","4,23,96,70,670.75","1,05,966"
25-Oct-2022,EQ,"1,270.95","1,283.85","1,259.60","1,270.95","1,279.25","1,281.40","1,275.42","1,338.00",671.15,"28,09,493","3,58,32,70,188.90","61,048"
24-Oct-2022,EQ,"1,261.00","1,278.00","1,261.00","1,256.75","1,270.00","1,270.95","1,271.62","1,338.00",671.15,"3,18,933","40,55,60,686.00","15,427"
21-Oct-2022,EQ,"1,253.10","1,268.90","1,244.15","1,250.00","1,257.00","1,256.75","1,256.62","1,338.00",671.15,"17,50,934","2,20,02,53,264.75","51,101"
20-Oct-2022,EQ,"1,241.20","1,254.00","1,223.55","1,248.40","1,245.40","1,250.00","1,241.85","1,338.00",671.15,"18,31,346","2,27,42,60,573.95","56,827"
19-Oct-2022,EQ,"1,259.95","1,264.80","1,244.00","1,253.80","1,251.00","1,248.40","1,253.77","1,338.00",671.15,"14,49,579","1,81,74,41,818.70","48,814"
18-Oct-2022,EQ,"1,236.15","1,267.35","1,233.50","1,230.00","1,254.90","1,253.80","1,253.94","1,338.00",671.15,"27,22,206","3,41,34,70,242.20","61,734"
17-Oct-2022,EQ,"1,227.00","1,238.75","1,196.50","1,230.30","1,235.00","1,230.00","1,223.22","1,338.00",671.15,"21,58,727","2,64,05,97,829.95","89,294"
14-Oct-2022,EQ,"1,267.75","1,272.00","1,228.00","1,248.20","1,232.50","1,230.30","1,245.89","1,338.00",671.15,"16,96,759","2,11,39,79,290.05","54,410"
13-Oct-2022,EQ,"1,255.00","1,274.15","1,240.50","1,247.90","1,247.90","1,248.20","1,256.03","1,338.00",671.15,"21,37,351","2,68,45,82,794.60","62,892"
12-Oct-2022,EQ,"1,235.65","1,259.35","1,230.10","1,229.55","1,253.00","1,247.90","1,248.18","1,338.00",671.15,"28,84,899","3,60,08,77,536.40","76,349"
11-Oct-2022,EQ,"1,249.25","1,249.25","1,225.50","1,243.00","1,228.10","1,229.55","1,236.45","1,338.00",671.15,"15,69,478","1,94,05,83,518.00","1,12,840"
10-Oct-2022,EQ,"1,234.00","1,246.55","1,218.00","1,238.85","1,245.05","1,243.00","1,231.85","1,338.00",671.15,"22,30,590","2,74,77,60,088.80","1,32,666"
07-Oct-2022,EQ,"1,260.00","1,261.95","1,232.95","1,256.90","1,240.00","1,238.85","1,239.81","1,338.00",671.15,"35,01,889","4,34,16,73,913.55","1,55,043"
06-Oct-2022,EQ,"1,268.00","1,277.00","1,254.50","1,260.35","1,257.90","1,256.90","1,266.06","1,338.00",671.15,"35,31,469","4,47,10,66,599.60","1,57,474"
04-Oct-2022,EQ,"1,265.00","1,277.95","1,255.00","1,251.35","1,260.00","1,260.35","1,264.12","1,338.00",671.15,"30,11,962","3,80,74,78,170.50","1,04,627"
03-Oct-2022,EQ,"1,269.95","1,276.10","1,242.05","1,268.20","1,248.00","1,251.35","1,261.15","1,338.00",671.15,"31,50,821","3,97,36,67,642.60","1,30,643"
30-Sep-2022,EQ,"1,256.95","1,282.70","1,233.05","1,258.35","1,268.00","1,268.20","1,263.42","1,338.00",671.15,"33,20,684","4,19,54,34,281.45","1,06,391"
29-Sep-2022,EQ,"1,255.00","1,267.95","1,245.70","1,242.40","1,258.00","1,258.35","1,257.04","1,338.00",671.15,"34,74,302","4,36,73,31,218.75","1,03,095"
28-Sep-2022,EQ,"1,233.10","1,261.75","1,211.25","1,235.75","1,244.00","1,242.40","1,247.64","1,338.00",671.15,"33,61,451","4,19,38,67,898.80","1,05,207"
27-Sep-2022,EQ,"1,242.60","1,252.90","1,221.20","1,236.40","1,242.00","1,235.75","1,233.83","1,338.00",671.15,"35,88,217","4,42,72,60,141.20","1,49,018"
26-Sep-2022,EQ,"1,250.00","1,258.95","1,216.30","1,272.30","1,233.00","1,236.40","1,233.31","1,338.00",671.15,"33,45,338","4,12,58,23,790.75","1,44,201"
23-Sep-2022,EQ,"1,305.00","1,318.10","1,261.00","1,310.40","1,274.30","1,272.30","1,273.71","1,338.00",671.15,"46,39,618","5,90,95,42,134.70","1,82,994"
22-Sep-2022,EQ,"1,297.00","1,320.55","1,293.00","1,306.65","1,313.50","1,310.40","1,307.49","1,338.00",671.15,"20,10,645","2,62,89,04,747.10","84,510"
21-Sep-2022,EQ,"1,308.95","1,323.00","1,293.60","1,302.95","1,306.95","1,306.65","1,308.12","1,338.00",671.15,"28,87,754","3,77,75,32,798.00","95,130"
20-Sep-2022,EQ,"1,300.00","1,312.00","1,296.55","1,288.65","1,301.85","1,302.95","1,304.85","1,338.00",671.15,"37,80,649","4,93,31,81,288.70","94,525"
19-Sep-2022,EQ,"1,259.90","1,298.45","1,250.10","1,250.10","1,292.45","1,288.65","1,283.42","1,338.00",671.15,"44,76,773","5,74,56,01,314.20","1,51,654"
16-Sep-2022,EQ,"1,291.25","1,297.00","1,234.50","1,297.05","1,251.30","1,250.10","1,254.49","1,338.00",671.15,"90,47,956","11,35,05,55,376.35","1,86,013"
15-Sep-2022,EQ,"1,305.00","1,314.25","1,289.05","1,298.05","1,298.90","1,297.05","1,301.23","1,338.00",671.15,"25,55,055","3,32,47,12,393.10","1,25,115"
14-Sep-2022,EQ,"1,283.95","1,313.85","1,280.00","1,299.85","1,296.70","1,298.05","1,303.14","1,338.00",671.15,"29,55,136","3,85,09,61,425.65","1,23,338"
13-Sep-2022,EQ,"1,309.95","1,309.95","1,291.00","1,297.05","1,300.50","1,299.85","1,298.48","1,338.00",671.15,"24,60,291","3,19,46,45,300.45","75,802"
12-Sep-2022,EQ,"1,308.00","1,315.60","1,295.00","1,301.25","1,296.00","1,297.05","1,300.76","1,338.00",671.15,"30,77,887","4,00,35,83,907.70","1,20,781"
09-Sep-2022,EQ,"1,338.00","1,338.00","1,294.05","1,321.90","1,302.00","1,301.25","1,312.06","1,338.00",671.15,"34,15,016","4,48,06,95,939.80","1,14,323"
08-Sep-2022,EQ,"1,305.00","1,331.95","1,302.00","1,289.70","1,320.45","1,321.90","1,321.76","1,331.95",671.15,"40,26,323","5,32,18,23,684.10","1,19,049"
07-Sep-2022,EQ,"1,291.00","1,311.95","1,281.20","1,306.40","1,289.00","1,289.70","1,293.31","1,330.65",671.15,"31,62,428","4,08,99,99,450.70","81,540"
06-Sep-2022,EQ,"1,325.00","1,327.00","1,300.60","1,320.55","1,303.00","1,306.40","1,311.97","1,330.65",671.15,"19,30,221","2,53,23,90,418.30","59,331"
05-Sep-2022,EQ,"1,319.00","1,324.45","1,301.10","1,315.95","1,317.25","1,320.55","1,314.59","1,330.65",671.15,"22,71,837","2,98,65,40,183.15","61,709"
02-Sep-2022,EQ,"1,318.65","1,330.65","1,311.20","1,312.05","1,314.00","1,315.95","1,322.72","1,330.65",671.15,"23,16,436","3,06,40,02,042.25","88,145"
01-Sep-2022,EQ,"1,280.00","1,325.70","1,280.00","1,308.70","1,311.00","1,312.05","1,309.41","1,325.70",671.15,"49,13,035","6,43,31,65,822.85","1,68,094"
30-Aug-2022,EQ,"1,284.00","1,315.00","1,284.00","1,276.80","1,309.00","1,308.70","1,304.90","1,315.00",671.15,"50,78,317","6,62,66,95,762.75","1,08,675"
29-Aug-2022,EQ,"1,249.00","1,280.80","1,242.15","1,274.65","1,276.80","1,276.80","1,264.30","1,299.00",671.15,"25,54,692","3,22,99,06,802.95","64,136"
26-Aug-2022,EQ,"1,279.90","1,299.00","1,268.80","1,259.65","1,275.00","1,274.65","1,283.63","1,299.00",671.15,"43,25,600","5,55,24,58,092.90","1,38,415"
25-Aug-2022,EQ,"1,274.00","1,277.45","1,256.70","1,268.30","1,264.30","1,259.65","1,268.36","1,298.70",671.15,"17,69,049","2,24,37,97,111.60","57,951"
24-Aug-2022,EQ,"1,274.95","1,283.50","1,261.00","1,273.10","1,267.45","1,268.30","1,269.99","1,298.70",671.15,"25,70,071","3,26,39,64,428.45","80,388"
23-Aug-2022,EQ,"1,219.95","1,277.00","1,218.00","1,226.70","1,277.00","1,273.10","1,261.71","1,298.70",671.15,"44,49,168","5,61,35,60,177.85","1,18,559"
22-Aug-2022,EQ,"1,239.40","1,247.40","1,219.05","1,239.40","1,227.95","1,226.70","1,230.99","1,298.70",671.15,"24,43,323","3,00,76,98,460.60","1,11,106"
19-Aug-2022,EQ,"1,270.00","1,272.65","1,235.50","1,261.15","1,239.35","1,239.40","1,248.59","1,298.70",671.15,"25,13,148","3,13,78,86,962.20","80,762"
18-Aug-2022,EQ,"1,274.00","1,278.35","1,254.70","1,274.25","1,262.75","1,261.15","1,264.86","1,298.70",671.15,"26,59,857","3,36,43,58,012.20","82,652"
17-Aug-2022,EQ,"1,294.00","1,294.00","1,270.05","1,288.30","1,274.90","1,274.25","1,277.38","1,298.70",671.15,"21,97,165","2,80,66,24,655.85","1,12,715"
16-Aug-2022,EQ,"1,280.60","1,298.70","1,274.65","1,259.45","1,289.00","1,288.30","1,284.86","1,298.70",671.15,"40,85,782","5,24,96,74,526.60","1,40,955"
12-Aug-2022,EQ,"1,265.00","1,268.90","1,249.30","1,266.20","1,264.00","1,259.45","1,256.38","1,280.00",671.15,"33,55,489","4,21,57,53,253.20","1,21,211"
11-Aug-2022,EQ,"1,277.00","1,278.95","1,254.00","1,268.05","1,267.95","1,266.20","1,265.04","1,280.00",671.15,"30,77,633","3,89,33,27,579.70","1,12,422"
10-Aug-2022,EQ,"1,277.00","1,279.70","1,260.25","1,276.70","1,269.00","1,268.05","1,267.72","1,280.00",671.15,"25,30,492","3,20,79,51,846.50","95,039"
08-Aug-2022,EQ,"1,245.00","1,280.00","1,242.65","1,235.90","1,275.60","1,276.70","1,266.32","1,280.00",671.15,"54,12,651","6,85,41,26,976.85","1,68,556"
05-Aug-2022,EQ,"1,278.20","1,278.50","1,231.25","1,261.80","1,236.80","1,235.90","1,254.23","1,278.50",671.15,"57,66,297","7,23,22,49,894.80","1,35,514"
04-Aug-2022,EQ,"1,264.90","1,265.00","1,239.05","1,253.70","1,265.00","1,261.80","1,255.79","1,265.00",671.15,"30,75,648","3,86,23,61,790.30","94,916"
03-Aug-2022,EQ,"1,259.95","1,259.95","1,231.00","1,254.50","1,256.00","1,253.70","1,244.32","1,259.95",671.15,"38,20,503","4,75,39,17,774.80","1,08,809"
02-Aug-2022,EQ,"1,237.70","1,259.75","1,226.20","1,237.75","1,251.00","1,254.50","1,242.93","1,259.75",671.15,"56,26,351","6,99,31,69,199.10","1,76,857"
01-Aug-2022,EQ,"1,189.40","1,248.70","1,184.25","1,164.45","1,234.50","1,237.75","1,235.60","1,248.70",671.15,"1,26,73,841","15,65,98,57,032.30","3,93,710"
29-Jul-2022,EQ,"1,158.80","1,184.20","1,153.25","1,149.15","1,162.65","1,164.45","1,166.46","1,195.00",671.15,"22,30,572","2,60,18,73,417.30","70,567"
28-Jul-2022,EQ,"1,142.10","1,152.00","1,135.35","1,138.10","1,149.35","1,149.15","1,145.39","1,195.00",671.15,"19,29,675","2,21,02,22,823.95","76,750"
27-Jul-2022,EQ,"1,140.00","1,150.30","1,126.80","1,136.00","1,137.00","1,138.10","1,134.65","1,195.00",671.15,"16,47,876","1,86,97,58,703.50","67,756"
26-Jul-2022,EQ,"1,134.00","1,146.00","1,125.15","1,135.85","1,136.00","1,136.00","1,137.99","1,195.00",671.15,"25,98,868","2,95,74,80,129.05","1,01,354"
25-Jul-2022,EQ,"1,185.00","1,185.00","1,132.00","1,181.10","1,134.00","1,135.85","1,147.85","1,195.00",671.15,"43,80,502","5,02,81,43,653.60","1,45,168"
22-Jul-2022,EQ,"1,180.00","1,185.90","1,170.30","1,175.15","1,179.00","1,181.10","1,178.80","1,195.00",671.15,"19,83,433","2,33,80,62,517.30","93,811"
21-Jul-2022,EQ,"1,167.10","1,180.00","1,164.80","1,165.65","1,176.95","1,175.15","1,171.64","1,195.00",671.15,"20,62,279","2,41,62,41,605.80","75,947"
20-Jul-2022,EQ,"1,195.00","1,195.00","1,162.50","1,186.25","1,164.65","1,165.65","1,174.43","1,195.00",671.15,"30,28,752","3,55,70,46,769.50","88,568"
19-Jul-2022,EQ,"1,161.90","1,189.50","1,161.00","1,163.40","1,185.00","1,186.25","1,179.29","1,194.90",671.15,"40,56,414","4,78,36,99,267.95","1,24,721"
18-Jul-2022,EQ,"1,179.50","1,179.50","1,159.25","1,172.50","1,162.00","1,163.40","1,165.46","1,194.90",671.15,"34,80,683","4,05,65,85,522.90","1,45,125"
15-Jul-2022,EQ,"1,143.00","1,175.90","1,140.40","1,142.65","1,167.40","1,172.50","1,161.12","1,194.90",671.15,"38,79,759","4,50,48,69,851.45","1,20,896"
14-Jul-2022,EQ,"1,134.80","1,151.35","1,131.20","1,140.35","1,143.00","1,142.65","1,141.75","1,194.90",671.15,"24,23,203","2,76,66,80,528.75","1,09,153"
13-Jul-2022,EQ,"1,153.20","1,156.50","1,138.10","1,146.65","1,140.40","1,140.35","1,147.25","1,194.90",671.15,"33,79,695","3,87,73,45,740.40","1,32,650"
12-Jul-2022,EQ,"1,164.00","1,164.45","1,142.00","1,165.05","1,147.95","1,146.65","1,154.08","1,194.90",671.15,"24,52,632","2,83,05,41,655.95","81,721"
11-Jul-2022,EQ,"1,128.95","1,167.90","1,122.65","1,133.60","1,164.00","1,165.05","1,157.78","1,194.90",671.15,"45,20,273","5,23,34,61,904.75","1,50,897"
08-Jul-2022,EQ,"1,184.95","1,194.90","1,126.15","1,133.30","1,130.50","1,133.60","1,150.35","1,194.90",671.15,"1,04,82,265","12,05,83,11,537.00","2,53,333"
07-Jul-2022,EQ,"1,119.00","1,138.95","1,114.60","1,104.55","1,133.00","1,133.30","1,130.14","1,138.95",671.15,"49,17,004","5,55,69,10,668.20","1,11,563"
06-Jul-2022,EQ,"1,082.70","1,112.00","1,080.60","1,081.95","1,106.55","1,104.55","1,103.12","1,121.45",671.15,"49,57,228","5,46,84,18,798.55","1,11,093"
05-Jul-2022,EQ,"1,091.00","1,102.00","1,078.00","1,091.20","1,080.00","1,081.95","1,087.83","1,121.45",671.15,"36,75,577","3,99,84,10,557.65","1,12,521"
04-Jul-2022,EQ,"1,101.00","1,102.00","1,079.40","1,107.35","1,089.70","1,091.20","1,091.31","1,121.45",671.15,"27,84,613","3,03,88,63,858.05","83,317"
01-Jul-2022,EQ,"1,092.40","1,113.35","1,064.00","1,093.15","1,107.00","1,107.35","1,092.38","1,121.45",671.15,"28,39,545","3,10,18,71,346.25","66,194"
30-Jun-2022,EQ,"1,109.30","1,117.50","1,088.05","1,111.75","1,090.00","1,093.15","1,101.90","1,121.45",671.15,"41,65,189","4,58,96,16,036.15","1,34,563"
29-Jun-2022,EQ,"1,106.00","1,115.45","1,090.70","1,112.00","1,105.30","1,111.75","1,104.65","1,121.45",671.15,"50,52,023","5,58,06,93,460.50","1,18,184"
28-Jun-2022,EQ,"1,082.00","1,121.45","1,079.45","1,082.70","1,110.50","1,112.00","1,109.18","1,121.45",671.15,"1,10,20,641","12,22,38,31,286.50","2,61,901"
27-Jun-2022,EQ,"1,089.80","1,095.00","1,072.05","1,072.05","1,082.05","1,082.70","1,082.97","1,095.00",671.15,"63,16,257","6,84,03,15,441.35","1,42,365"
